SHIP'S NAME,SET,REPORTED BY,VESSEL TYPE,YEAR LOST,MNTH LOST,DAY LOST,LOCATION LOST,LATITUDE LOST,LONGITUDE LOST,CAUSE OF LOSS,MASTER,DEPTH,COMMENTS,SOURCE,AUTHOR
Unidentified,0,20119,Dutch Ship,1620,,,Sandy Hook,,,Stranded,,Ashore,First recorded shipwreck in NJ,The New Jersey Shore,John T Cunningham
Unidentified,0,,Sloop 1,1705,4,20,Barnegat,,,Stranded,Archibald Morris,Ashore,Crew saved; ship/cargo lost,NJ Archives - Newspaper Extracts,
Unidentified,0,,Sloop 2,1705,4,20,Barnegat,,,Stranded,Capt Saunders,Ashore,Crew saved; ship/cargo lost,NJ Archives - Newspaper Extracts,
Unidentified,0,,Sloop 3,1705,4,20,Barnegat,,,Stranded,Capt Jones,Ashore,Crew saved; ship/cargo lost,NJ Archives - Newspaper Extracts,
Unidentified,0,,Sloop,1724,9,10,Cape May,,,Stranded,Thomas Moussel,Ashore,Refloated ,NJ Archives - Newspaper Extracts,
Unidentified,0,,British Brig,1733,7,20,Cape May N 15 mi,,,Mutany,Prisoners,,Capt & crew killed and thrown overboard,Broken Spars,Downey
Unidentified,0,William Leacraft,Ship,1740,4,7,Sandy Hook S,,,Dismasted,Capt Allair,,Probably stranded,NJ Archives - Newspaper Extracts,
Unidentified,0,,Ship,1743,7,28,Cape May,,,Stranded,Stuart,Ashore,May be hopeless,A colonial Scrapbook,Paul G Burgess
Unidentified,0,,Ship,1746,3,9,Highlands,,,Sunk,,4 drowned,"Coffin, etc of Mr. Carney",Broken Spars,Downey
Unidentified,0,,Sloop,1747,7,17,Egg Harbor,,,Stranded,Gibbs,Ashore,Ship & cargo lost,A colonial Scrapbook,Paul G Burgess
Unidentified,0,,Sloop,1747,7,20,Egg Harbor,,,Stranded/burned,Hughes,Crew escaped,Chased ashore by privateer,A colonial Scrapbook,Paul G Burgess
Unidentified,0,,Privateer sloop,1747,7,21,"Bombay Hook, DE",,,Pilaged,,,Took 13 ships during raids,A colonial Scrapbook,Paul G Burgess
Unidentified,0,,Ship,1749,4,10,Middletown,,,Sunk,,3 drowned,3 saved from mast,Broken Spars,Downey
Unidentified,0,,Sloop,1749,10,10,Sandy Hook,,,Stranded,Dickinson,Ashore,Refloated,NJ Archives - Newspaper Extracts,
Unidentified,0,,Brig,1749,10,10,Sandy Hook,,,Stranded,Dunbibin,Ashore,May be hopeless,NJ Archives - Newspaper Extracts,
Unidentified,0,,Sloop 1,1749,10,29,Egg Harbor,,,Stranded,Davidson,Ashore,crew & cargo saved,NJ Archives - Newspaper Extracts,
Unidentified,0,,Sloop 2,1749,10,29,Egg Harbor,,,Stranded,,Ashore,crew & cargo saved,NJ Archives - Newspaper Extracts,
Unidentified,0,,Sloop,1750,1,23,Sandy Hook,,,Stranded,,Ashore,Crew and rum saved,NJ Archives - Newspaper Extracts,
Unidentified,0,,Sloop,1750,2,15,"Sandy Hook, East Bank",,,Stranded,Kip,Ashore,Feared lost,NJ Archives - Newspaper Extracts,
Unidentified,0,,Brig,1750,3,14,Barnegat,,,Stranded,Crowell,Ashore,Ship/cargo lost,NJ Archives - Newspaper Extracts,
Unidentified,0,,Brig,1752,10,26,Squan,,,Stranded,,Ashore,No masts or people,NJ Archives - Newspaper Extracts,
Unidentified,0,,Sloop,1752,12,1,Sandy Hook,,,Dismasted,Lyell,Arrived,Lost mast in swell,NJ Archives - Newspaper Extracts,
Unidentified,0,Clarke,Sloop,1753,12,1,Barnegat N 4 mi,,,Stranded,Shearman,Ashore,Presumed refloated,NJ Archives - Newspaper Extracts,
Unidentified,0,,Sloop,1754,3,7,Barnegat,,,Stranded,,Ashore,Crew & cargo saved,NJ Archives - Newspaper Extracts,
Unidentified,0,Capt. Seymour,Sloops (2),1754,5,12,Barnegat,,,Stranded,,Ashore,,NJ Archives - Newspaper Extracts,
Unidentified,0,,Sloop,1755,3,14,Sandy Hook,,,Stranded,Drungold,Ashore,Presumed refloated,NJ Archives - Newspaper Extracts,
Unidentified,0,Laycraft,Vessel,1755,3,23,Great Egg Harbor S   ,,,Stranded,,Ashore,Pecks Beach,A colonial Scrapbook,Paul G Burgess
Unidentified,0,,Sloop,1757,2,10,Egg Harbour,,,Lost,Cowpland,,,NJ Archives - Newspaper Extracts,
Unidentified,0,,Boat,1757,5,3,"Long Island, NY",,,Capsized,Stoutseaman,,,NJ Archives - Newspaper Extracts,
Unidentified,0,,Schooner,1757,12,5,Cape May,,,Stranded,Woodbury,Ashore,,NJ Archives - Newspaper Extracts,
Unidentified,0,,Sloop,1757,12,7,"Rockaway Beach, NY",,,Stranded,,Ashore,,NJ Archives - Newspaper Extracts,
Unidentified,0,,Sloop,1758,1,19,Cape May N 6 mi,,,Lost bow sprit & rudder,Pine,,,NJ Archives - Newspaper Extracts,
Unidentified,0,,Sloop,1758,10,20,Great Egg Harbor,,,Stranded,Robinson,Ashore,,NJ Archives - Newspaper Extracts,
Unidentified,0,,Schooner,1758,10,24,Barnegat,,,Stranded,Wentworth,Ashore,,NJ Archives - Newspaper Extracts,
Unidentified,0,,Sloop,1758,10,25,Barnegat NE,,,Stranded,Benjamin,Ashore,,NJ Archives - Newspaper Extracts,
Unidentified,0,,Snow,1759,12,25,Cape May,,,Stranded,,Ashore,,NJ Archives - Newspaper Extracts,
Unidentified,0,,Boat,1759,12,31,,,,Capsized,Randle,,,NJ Archives - Newspaper Extracts,
Unidentified,0,,Brig,1760,1,14,New York Harbor,,,Struck Ice,,Saved,,NJ Archives - Newspaper Extracts,
Unidentified,0,,Ship,1760,3,16,The Capes,,,Stranded,Jones,Ashore,,NJ Archives - Newspaper Extracts,
Unidentified,0,,Brig,1760,3,16,The Capes,,,Stranded,Brown,Ashore,,NJ Archives - Newspaper Extracts,
Unidentified,0,,Schooner,1760,3,16,The Capes,,,Stranded,Cotton,Ashore,,NJ Archives - Newspaper Extracts,
Unidentified,0,,Brig,1760,3,16,Cape May,,,Stranded,Cochran,Ashore,,NJ Archives - Newspaper Extracts,
Unidentified,0,,Sloop,1760,3,16,Cape May,,,Stranded,Albertson,Ashore,,NJ Archives - Newspaper Extracts,
Unidentified,0,,Sloop,1760,3,16,Cape May,,,Stranded,Robertson,Ashore,,NJ Archives - Newspaper Extracts,
Unidentified,0,,Snow,1760,10,6,Sandy Hook SE,,,Capsized,Hayet,Ashore,,NJ Archives - Newspaper Extracts,
Unidentified,0,,Ship,1761,3,20,Sandy Hook S,,,Stranded,Patterson,Ashore,,NJ Archives - Newspaper Extracts,
Unidentified,0,,Snow,1761,7,29,Cape May,,,Sprung a leak,Marblehead,Ashore,,NJ Archives - Newspaper Extracts,
Unidentified,0,Durham,Ship,1762,3,29,Cape May,,,Stranded,Reynolds,Ashore,,NJ Archives - Newspaper Extracts,
Unidentified,0,,Brig,1762,8,3,Barnegat,,,Stranded,Holway,Ashore,,NJ Archives - Newspaper Extracts,
Unidentified,0,McClean,Snow,1762,8,23,Barnegat Inlet,,,Stranded,,Ashore,,NJ Archives - Newspaper Extracts,
Unidentified,0,,Coaster,1763,7,27,Shrewsbury,,,Stranded,,Ashore,,NJ Archives - Newspaper Extracts,
Unidentified,0,Brookes,Sloop,1763,10,7,Great Egg Harbour S 10 mi,,,Stranded,,Ashore,,NJ Archives - Newspaper Extracts,
Unidentified,0,,Schooner,1763,10,24,Sandy Hook E 40 mi,,,Sunk,,Lost,,NJ Archives - Newspaper Extracts,
Unidentified,0,,Ship,1763,12,8,Barnegat,,,Stranded,Cochran,Ashore,,NJ Archives - Newspaper Extracts,
Unidentified,0,,Brig,1764,4,2,Sandy Hook,,,Stranded,Preston,Ashore,,NJ Archives - Newspaper Extracts,
Unidentified,0,,Sloop,1764,12,6,Egg Harbor,,,Stranded,,Ashore,,NJ Archives - Newspaper Extracts,
Unidentified,0,,Sloop,1765,2,2,Sandy Hook,,,Collision,Yeamans,Sunk,,Broken Spars,Downey
Unidentified,0,,Sloop,1766,3,13,Egg Harbour,,,Stranded,,Ashore,,NJ Archives - Newspaper Extracts,
Unidentified,0,Campbell,Pilot Boat,1766,3,18,Cape May,,,Sprung a leak,Browne,Adrift,,NJ Archives - Newspaper Extracts,
Unidentified,0,,Ship,1766,4,7,Sandy Hook,,,Stranded,Smith,Ashore,,NJ Archives - Newspaper Extracts,
Unidentified,0,,Sloop,1767,1,2,Sandy Hook,,,Sprung a leak,Minck,Lost,,NJ Archives - Newspaper Extracts,
Phoenix,0,,Schooner,1767,11,5,Egg Harbour,,,Stranded,Gardiner,Got off,,A colonial Scrapbook,Paul G Burgess
Unidentified,0,Mansfield,Brig,1768,3,20,Five Fathom Bank,,,Broken up,,Lost,,NJ Archives - Newspaper Extracts,
Unidentified,0,,Ship,1768,6,1,Little Egg Harbor,,,Stranded,,Ashore,,NJ Archives - Newspaper Extracts,
Unidentified,0,Hylton,Ship,1768,11,25,Great Egg Harbour ,,,Stranded,,Ashore,,NJ Archives - Newspaper Extracts,
Unidentified,0,,Sloop,1769,5,1,Shrewsbury Inlet,,,Stranded,Pereau,Ashore,,NJ Archives - Newspaper Extracts,
Unidentified,0,,Brig,1769,9,8,Cape May,,,Stranded,Read,Ashore,,Pennsylvania Chronicle,
Unidentified,0,,Sloop,1769,9,8,Egg Harbour,,,Stranded,,Ashore,,NJ Archives - Newspaper Extracts,
Unidentified,0,,Sloop Small,1769,9,8,Barnegat,,,Stranded,,Ashore,,NJ Archives - Newspaper Extracts,
Unidentified,0,,Sloop Large,1769,9,8,Barnegat,,,Stranded,,Ashore,,NJ Archives - Newspaper Extracts,
Unidentified,0,,Shallop,1769,9,8,Barnegat,,,Stranded,,Refloated,,NJ Archives - Newspaper Extracts,
Unidentified,0,Higgs,Sloop,1769,9,10,Cape May N 24 mi,,,Drifting,,Derelict,,Pennsylvania Gazette,
Unidentified,0,,Sloop,1769,9,11,Great Egg Harbour,,,Stranded,,Ashore,,Pennsylvania Gazette,
Unidentified,0,,Sloop,1769,12,20,Sandy Hook S 7 mi,,,Stranded,,Ashore,,NJ Archives - Newspaper Extracts,
Unidentified,0,,Pilot Boat,1771,2,25,Sandy Hook,,,Sunk,,Lost,,NJ Archives - Newspaper Extracts,
Unidentified,0,,Schooner,1771,12,13,Cape May N 12 mi,,,Stranded,,Ashore,,NJ Archives - Newspaper Extracts,
Unidentified,0,,Schooner,1772,8,1,Island Beach,,,Stranded,,Ashore,,NJ Archives - Newspaper Extracts,
Unidentified,0,,Brig,1772,9,2,Barnegat,,,Stranded,Miles,Ashore,,NJ Archives - Newspaper Extracts,
Unidentified,0,,Sloop,1773,3,17,Offshore 20 mi,,,Sprung a leak,Sennot,Sunk,,NJ Archives - Newspaper Extracts,
Unidentified,0,,Ship,1773,4,19,Cape May,,,In distress,Leathers,Survived,,NJ Archives - Newspaper Extracts,
Unidentified,0,,Sloop,1774,2,15,Barnegat,,,Stranded,,Ashore,Cargo saved,NJ Archives - Newspaper Extracts,
Unidentified,0,Nixon,Sloop,1774,11,26,Sandy Hook,,,Abandoned,Holder Anthony,Lost,1 crew saved,NJ Archives - Newspaper Extracts,
Unidentified,0,,Ship,1777,2,20,Sandy Hook,,,Stranded,,Ashore,British supply ship,NJ Archives - Newspaper Extracts,
Unidentified,0,,Ship,1777,3,3,Sandy Hook,,,Stranded,,Ashore,Cargo saved,NJ Archives - Newspaper Extracts,
Unidentified,0,,Brig,1777,3,3,Deal,,,Stranded,,Ashore,Same as 7/25/1777?,NJ Archives - Newspaper Extracts,
Unidentified,0,,Schooner,1777,4,25,Egg Harbour,,,Stranded,,Ashore,Forced ashore by British,NJ Archives - Newspaper Extracts,
Unidentified,0,,Brig,1777,7,25,Deal,,,Stranded,,Ashore,Taken by privateers,NJ Archives - Newspaper Extracts,
Unidentified,0,,Brigantine,1777,11,1,Shrewsbury Inlet,,,Stranded,,Abandoned,Loyalists seized a schooner,NJ Archives - Newspaper Extracts,
Unidentified,0,,Ship,1778,1,7,Delaware Bay,,,Cut by ice,,Ashore,British cargo salvaged,NJ Archives - Newspaper Extracts,
Unidentified,0,,Ship,1778,1,21,Toms River,,,Wrecked,,Ashore ,2 Patriot vessels wrecked,NJ Archives - Newspaper Extracts,
Unidentified,0,,Sloop,1778,9,28,Cranberry Inlet,,,Stolen,,Removed,British raid took sloop,NJ Archives - Newspaper Extracts,
Unidentified,0,,Ship,1778,12,9,Barnegat,,,Stranded,,Ashore,Patriots took cargo and prisoners,NJ Archives - Newspaper Extracts,
Unidentified,0,,Sloop,1778,12,13,Sandy Hook,,,Capsized,,Lost,All hands lost,NJ Archives - Newspaper Extracts,
Unidentified,0,,Sloop,1778,12,21,Sandy Hook,,,Capsized,,All lost,,NJ Archives - Newspaper Extracts,
Unidentified,0,,Ship,1779,1,1,Tuckers Island,,,Stranded,,Lost,30 people lost,NJ Archives - Newspaper Extracts,
Unidentified,0,,Brig,1779,1,1,South Amboy,,,Stranded,,Ashore,British ship 12 guns,Broken Spars,Downey
Unidentified,0,,Ship,1779,1,1,Squan Inlet,,,Stranded,,Ashore,British ship 20 guns,Broken Spars,Downey
Unidentified,0,,British Man-o-war,1779,1,12,Egg Harbour,,,Stranded,,Lost,Crew captured,A colonial Scrapbook,Paul G Burgess
Unidentified,0,,Schooner,1779,7,9,Sandy Hook,,,Capsized,,Lost,Crew saved,NJ Archives - Newspaper Extracts,
Unidentified,0,,Brig,1779,7,9,Sandy Hook,,,Capsized,,Towed ashore,1 life lost,NJ Archives - Newspaper Extracts,
Unidentified,0,,Brigantine,1779,9,1,Squan Inlet,,,Stranded,,Easily refloated,Up for auction,NJ Archives - Newspaper Extracts,
Unidentified,0,,Schooner,1779,9,1,Squan Inlet,,,Stranded,,Easily refloated,Up for auction,NJ Archives - Newspaper Extracts,
Unidentified,0,,British transport,1779,,,Egg Harbour,,,Stranded,,Destroyed,,The New Jersey Shore,John T Cunningham
Unidentified,0,,Brig,1780,1,8,South Amboy,,,Stranded,,Ashore,American ship 12 guns,NJ Archives - Newspaper Extracts,
Unidentified,0,,Ship,1780,1,8,Squan Inlet,,,Stranded,,Ashore,British ship 20 guns,NJ Archives - Newspaper Extracts,
Unidentified,0,,Brigantine,1780,2,27,Manasquan,,,Stranded,,Sold,Sold at auction,NJ Archives - Newspaper Extracts,
Unidentified,0,,Sloop,1780,4,8,Squan Beach,,,Stranded,,Ashore,Cargo seized by Patriots,NJ Archives - Newspaper Extracts,
Unidentified,0,,Brig,1780,9,8,Egg Harbour,,,Stranded,,Ashore,Chased ashore by British,NJ Archives - Newspaper Extracts,
Unidentified,0,,British Cutter,1782,10,25,Barnegat Inlet S 1 mi,,,Stranded,,Ashore,21 Patriots killed by Loyalists,The New Jersey Shore,Harold F Wilson
Unidentified,0,,Merchantman,1783,10,8,Cape May,,,Sunk,,Lost,Gale of 1783,Shipwrecks of the Western Hemisphere,Robert Marx
Unidentified,0,,Merchantman,1783,10,8,Cape May,,,Sunk,,Lost,Gale of 1783,Shipwrecks of the Western Hemisphere,Robert Marx
Unidentified,0,,Merchantman,1783,10,8,Absecon Beach,,,Sunk,,Lost,Gale of 1783,Shipwrecks of the Western Hemisphere,Robert Marx
Unidentified,0,,Merchantman,1783,10,8,Great Egg Harbor,,,Sunk,,Lost,Gale of 1783,Shipwrecks of the Western Hemisphere,Robert Marx
Unidentified,0,,Merchantman,1783,10,8,Great Egg Harbor,,,Sunk,,Lost,Gale of 1783,Shipwrecks of the Western Hemisphere,Robert Marx
Unidentified,0,,Ship,1804,10,9,AbseconBeach,,,Stranded,,Ashore,Lost in gale,Shipwrecks of the Western Hemisphere,Robert Marx
Unidentified,0,,Ship,1806,,,Sandy Hook,,,Wrecked,Swain,Ashore,6 lives lost,The New Jersey Coast and Pines,Kobbe
Unidentified,0,,Ship (3),1807,4,1,Sandy Hook,,,Stranded,,Ashore,All lost in gale,Americn Register for 1806-1807,
Unidentified,0,,Schooner,1813,3,31,Barnegat Inlet,,,Burned,,Lost,British raid ,The New Jersey Shore,Harold F Wilson
Unidentified,0,,Sloop,1813,3,31,Barnegat Inlet,,,Burned,,Extinguished,British raid            ,The New Jersey Shore,Harold F Wilson
Unidentified,0,,Brig,1815,12,,Monmouth County,,,Stranded,,Ashore,4 of 17 saved,The New Jersey Shore,Harold F Wilson
Unidentified,0,,Ship,1817,,,Ship Bottom,,,Stranded,,Ashore,1 person saved thru ship bottom,,
Unidentified,0,,Smack,1825,6,,Cape May,,,Stranded,,Lost,,,
Unidentified,0,,Brig,1827,1,7,Absecon Beach,,,Sunk,,Lost,Baby rescued from wreckage,,
Unidentified,0,,Pirate ship,1830,,,Absecon Beach,,,Stranded,,Ashore,Pirate captain committed suicide,,
Unidentified,0,Jones,Ship,1836,6,,Long Beach E 20 mi,,,Capsized,,Abandoned,,Sailor's Magazine,
Unidentified,0,,Schooner,1836,9,15,Cape May,,,Capsized,,Abandoned,,Sailor's Magazine,
Unidentified,0,Patterson,Ship,1836,10,,Great Egg Harbor S 20 mi,,,Stranded,,Ashore,Cargo being salvaged',Sailor's Magazine,
Unidentified,0,,Ship,1837,2,19,Sandy Hook ESE 40 mi,,,Derelict,,Abandoned,,Sailor's Magazine,
Unidentified,0,,Ship,1837,2,19,"Bethany Beach, DE E 30 mi",38-30-00,73-15-00,Derelict,,Abandoned,Lumber on deck,Sailor's Magazine,
Unidentified,0,, Schooner,1837,7,27,Barnegat N 10 mi,,,Derelict,,Abandoned,New York on stern,Sailor's Magazine,
Unidentified,0,,Schooner,1838,4,11,Delaware Bay,,,Sunk,,Abandoned,,Sailor's Magazine,
Unidentified,0,Brown,Schooner,1838,9,12,Little Egg Harbor,,,Stranded,,Ashore,5 schooners stranded,Commercial Herald,
Unidentified,0,,Sloop,1838,9,12,Cape May,,,Stranded,,Ashore,,Commercial Herald,
Unidentified,0,,Brig,1838,,,Barnegat Inlet N 2 mi,,,Wrecked,,,1838 - 1878,Rev Mr Brown's List of wrecks,
Unidentified,0,,Schooner,1839,5,2,Barnegat ENE 25 mi,,,Capsized,,Abandoned,,Sailor's Magazine,
Unidentified,0,,Schooner,1839,12,24,Cape May,,,Sunk,,Abandoned,Only mast out of water,Sailor's Magazine,
Unidentified,0,,Schooner,1839,12,25,Barnegat S 10 mi,,,Derelict,,Abandoned,,Sailor's Magazine,
Unidentified,0,,Sloop,1840,1,13,Barnegat S 25 mi,,,Sunk,,Abandoned,Only mast out of water,Sailor's Magazine,
Unidentified,0,,Schooner,1840,1,13,Barnegat N ,,,Sunk,,Abandoned,Only mast out of water,Sailor's Magazine,
Unidentified,0,NY Pilot boat,Schooner,1840,5,12,Little Egg Harbor E 10 mi,,,Derelict,,Abandoned,,Sailor's Magazine,
Unidentified,0,Citizen,Schooner,1840,11,22,,40-00-00,70-30-00,Derelict,,Abandoned,,Sailor's Magazine,
Unidentified,0,Stephen Whitney,Schooner,1841,3,1,,38-47-00,70-14-00,Capsized,,Abandoned,One crew dead,Sailor's Magazine,
Unidentified,0,Martha,Schooner,1841,4,13,,39-04-00,70-45-00,Derelict,,Abandoned,,Sailor's Magazine,
Unidentified,0,Delta,Schooner,1841,4,15,"Long Island, NY S",,,Derelict,,Abandoned,,Sailor's Magazine,
Unidentified,0,,Schooner,1841,6,1,,40-18-00,70-20-00,Derelict,,Abandoned,Full of water,Sailor's Magazine,
Unidentified,0,,Schooner,1841,10,4,Cape May,,,Sunk,,Abandoned,Loaded with coal,Seaman's Magazine,
Unidentified,0,,Schooner,1841,11,6,Romer Shoals,,,Stranded,,Sunk,,Sailor's Magazine,
Unidentified,0,Caroline E Platt,Brig,1841,12,31,,39-00-00,73-50-00,Capsized,,Abandoned,Full rigged,Seaman's Magazine,
Unidentified,0,Commerce,Schooner,1842,5,11,Great Egg Harbour,,,Derelict,,Abandoned,Letters T K on stern,Sailor's Magazine,
Unidentified,0,,Schooner,1843,4,22,Barnegat Shoals,,,Stranded,,Sunk,Total loss,Seaman's Magazine,
Unidentified,0,,Brig,1843,9,9,Five Fathom Bank,,,Sunk,,Abandoned,,Seaman's Magazine,
Unidentified,0,,Brig,1843,10,8,Egg Harbor Bar,,,Stranded,,Sunk,Total loss,Seaman's Magazine,
Unidentified,0,White Oak,Schooner,1846,9,4,Sandy Hook,,,Stranded,,Ashore ,Went to pieces,NY Shipping & Commercial List,
Unidentified,0,,Schooner,1846,,,Absecon Beach,,,Stranded,Lowe,Ashore,Capt's wife drowned,,
Unidentified,0,Massachusetts,Schooner,1848,8,12,Great Egg Harbor,,,Stranded,,Sunk,,Seaman's Magazine,
Unidentified,0,,Brig,1848,9,1,Barnegat,,,Stranded,,Ashore,,Seaman's Magazine,
Unidentified,0,,Bark,1848,,,Sea Girt,,,Stranded,,Ashore,Cargo of marble,,
Unidentified,0,H Maxwell,Schooner,1849,11,9,Sandy Hook,,,Sunk,,Marked,1/2 mile from beach,Sailor's Magazine,
Unidentified,0,,Bark,1850,,,Barnegat,,,Stranded,,Ashore,10 lives lost,"Surfboats, Rockets & Carronades",Robert F Bennett
Unidentified,0,Caleb Grant,English vessel,1850,,,Jersey coast,,,In distress,,,Rescued many from vessel,History of the New Jersey Coast,
Unidentified,0,,Schooner,1851,12,28,West Bank,,,Collision,,Sunk,Collision w/ Gentoo,Sailor's Magazine,
Unidentified,0,Hercules,Schooner,1852,7,21,Lower Bay,,,Sunk,,Lost,,Sailor's Magazine,
Unidentified,0,,Brig,1854,9,,Island Beach,,,Stranded,,Dismasted,May be GARDEN,Nautical Magazine,
Unidentified,0,Charles A Hannum,Schooner,1855,1,1,Cape May,,,Capsized,,Bottom up,,Nautical Magazine,
Unidentified,0,,Brig,1855,1,10,Brigantine Shoals,,,Stranded,,Ashore,,Nautical Magazine,
Unidentified,0,,Brig,1855,1,29,Great Egg Harbor,,,Sunk,,Lost,1 mast above water,Nautical Magazine,
Unidentified,0,Chinchilla,Brig,1855,2,9,New York Harbor S,,,Sunk,,Disappeared,,Sailor's Magazine,
Unidentified,0,,Schooner,1855,2,23,Absecon Beach,,,Stranded,,Ashore,,Nautical Magazine,
Unidentified,0,,Schooner,1855,3,,Little Egg Harbor,,,Sunk,,Lost,Mast above water,Nautical Magazine,
Unidentified,0,,Schooner,1855,4,19,Absecon Inlet,,,Sunk,,Lost,Mast above water,Nautical Magazine,
Unidentified,0,,Schooner,1855,5,5,Townsend's Inlet,,,Capsized,,Abandoned,,Nautical Magazine,
Unidentified,0,,Schooner,1855,9,18,Atlantic City E 7 mi,,,Stranded,,Ashore,,Nautical Magazine,
Unidentified,0,,Schooner,1855,9,20,Absecon Bar,,,Capsized,,Ashore,,Nautical Magazine,
Unidentified,0,,Schooner,1855,10,25,Great Egg Harbor E 10 mi,,,Sunk,,Lost,,Nautical Magazine,
Unidentified,0,,Schooner,1860,6,25,Bonds E 3 mi,,,Stranded,,Lost,Crew saved,,
Unidentified,0,Corsica,Square Rig,1864,11,25,Absecon Light NW 13 mi,,,Sunk,,Lost,Top masts above water,Boston Shipping List,
Unidentified,0,,Ship,1870,3,,Monmouth Beach,,,Stranded,,,4 on board,"Surfboats, Rockets & Carronades",Robert F Bennett
Unidentified,0,,Schooner,1870,4,20,Brigantine Shoals,,,Sunk,,Lost,Man rescued from mast,New York Maritime Register,
Unidentified,0,,Brig,1870,9,7,Joe Flogger Shoal,,,Stranded,,Ashore,,New York Maritime Register,
Unidentified,0,Asa Eldridge,Schooner,1870,10,5,Sandy Hook SE 50 mi,,,Capsized,,Bottom up,,New York Maritime Register,
Unidentified,0,,Steamer,1870,11,1,Barnegat Bar,,,Stranded,,Refloated,Refloated at hightide,New York Maritime Register,
Unidentified,0,,Schooner,1871,1,1,Barnegat E 18 mi,,,Sunk,,Lost ,Mast 20 feet above water,New York Maritime Register,
Unidentified,0,,Schooner,1871,1,4,New Inlet,,,Stranded,,Ashore,,New York Maritime Register,
Unidentified,0,Benefactor,Schooner,1871,1,9,Cape Island,,,Stranded,,Ashore,,New York Maritime Register,
Unidentified,0,Emma F Chase,Sunken wreck,1871,1,16,Absecon E 6 mi,,,Sunk,,Lost,"Mast up, spars gone",New York Maritime Register,
Unidentified,0,,Schooner,1871,1,27,Barnegat Light E 60 mi,,,Sunk,,Lost,Masts above water,New York Maritime Register,
Unidentified,0,Antelope,Sunken wreck,1871,2,1,Barnegat,,,Sunk,,Lost,,New York Maritime Register,
Unidentified,0,,Brig,1871,8,18,Highlands ESE 45 mi,,,Sunk,,Lost,,New York Maritime Register,
Unidentified,0,,Mast,1871,8,19,Barnegat SE 35 mi,,,Floating,,,Stripped of rigging,New York Maritime Register,
Unidentified,0,,Brig,1871,8,23,Barnegat SE 20 mi,,,Sunk,,Lost,,New York Maritime Register,
Unidentified,0,,Ship,1871,9,7,Sandy Hook SE 50 mi,,,Capsized,,Abandoned,,New York Maritime Register,
Unidentified,0,,Bark,1871,9,10,Barnegat E 20 mi,,,Sunk,,Abandoned,,New York Maritime Register,
Unidentified,0,,Ship,1871,9,18,Sandy Hook E 40 mi,,,Waterlogged,,Abandoned,,New York Maritime Register,
Unidentified,0,,Bark,1871,10,30,Squan,,,Sunk,,Lost,,New York Maritime Register,
Unidentified,0,,Schooner,1872,1,6,Great Egg Harbor,,,Stranded,,,In distress,New York Maritime Register,
Unidentified,0,,Wreckage,1872,3,6,Barnegat SE 40 mi,,,Floating,,,Spars & other stuff,New York Maritime Register,
Unidentified,0,,Ship's House,1872,3,25,Sandy Hook SSE 30 mi,,,Floating,,,,New York Maritime Register,
Unidentified,0,,Mast,1872,3,26,Barnegat E 20 mi,,,Floating,,,Wreckage,New York Maritime Register,
Unidentified,0,,Ship,1872,3,31,Cape May E 90 mi,,,Waterlogged,,Abandoned,,New York Maritime Register,
Unidentified,0,,Schooner,1872,4,7,Sandy hook SExS 12 mi,,,Sunk,,Lost,Mast above water,New York Maritime Register,
Unidentified,0,W J Hatfield,Raft,1872,4,9,Five Fathom Bank E 12 mi,,,Floating,,Abandoned,,New York Maritime Register,
Unidentified,0,,Steamer,1872,4,25,Little Egg Harbor Bar,,,Stranded,,Reloated,,New York Maritime Register,
Unidentified,0,,Ship,1872,4,25,Absecon S 50 mi,,,Capsized,,Bottom upLost,Bottom up,New York Maritime Register,
Unidentified,0,,Wreckage,1872,5,22,Highlands SSE,,,Floating,,Abandoned,,New York Maritime Register,
Unidentified,0,,Sunken wreck,1872,9,18,Little Egg Harbor,,,Sunk,,Lost,Mast with sail above water,New York Maritime Register,
Unidentified,0,,Ship,1872,10,26,Cape May ENE 8 mi,,,Derelict,,Abandoned,,New York Maritime Register,
Unidentified,0,,Schooner,1872,11,8,Cape May,,,Stranded,,Refloated,Lost deck load,New York Maritime Register,
Unidentified,0,,Sunken wreck,1873,3,18,Barnegat E 12 mi,,,Sunk,,Abandoned,,New York Maritime Register,
Unidentified,0,,Wreckage,1873,5,11,Townsend's Inlet,,,Floating,,Abandoned,Fresh,New York Maritime Register,
Unidentified,0,,Bark,1873,6,7,Absecon Light NW 30 mi,,,Sunk,,Lost,Mast above water,New York Maritime Register,
Unidentified,0,,Sunken wreck,1873,6,29,Barnegat N 10 mi,,,Sunk,,Lost,Mast above water,New York Maritime Register,
Unidentified,0,,Schooner,1873,7,23,Barnegat SSE 12 mi,,,Derelict,,Abandoned,Masts broken off,New York Maritime Register,
Unidentified,0,,Sunken wreck,1873,7,23,Barnegat Light NW 14 mi,,,Sunk,,Lost,Mast above water,New York Maritime Register,
Unidentified,0,,Sunken wreck,1873,11,13,Sandy Hook E 19 mi,,,Sunk,,Abandoned,In shipping lane,New York Maritime Register,
Unidentified,0,,Wreckage,1874,1,4,Absecon Light SE 25 mi,,,Floating,,Abandoned,,New York Maritime Register,
Unidentified,0,John M Fiske,Sunken wreck,1874,1,4,Absecon SE 25 mi,,,Sunk,,Abandoned,Fiske struck vessel,New York Maritime Register,
Unidentified,0,Henry Crawford,Sunken wreck,1874,1,9,Barnegat SW 12 mi,,,Sunk,,Abandoned,Mast pulled by tug,New York Maritime Register,
Unidentified,0,,Schooner,1874,2,8,Atlantic City E 40 mi,39-14-00,73-04-00,Derelict,,Abandoned,Masts broken off,New York Maritime Register,
Unidentified,0,,Ship,1874,3,1,Absecon E 14 mi,,,Derelict,,Abandoned,Keel up,New York Maritime Register,
Unidentified,0,,Steamer,1874,6,23,Little Egg Harbor Shoal,,,Stranded,,Refloated,,New York Maritime Register,
Unidentified,0,,Schooner,1874,7,12,Long Branch,,,Drifted ashore,,Abandoned,Drifted out with tide,New York Maritime Register,
Unidentified,0,,Ship,1875,2,10,Absecon Breakers,,,Derelict,,Abandoned,Masts broken off,New York Maritime Register,
Unidentified,0,,Schooner,1875,3,6,Absecon SSE 13 mi,,,Derelict,,Abandoned,Masts broken off,New York Maritime Register,
Unidentified,0,Daybreak,Sunken wreck,1875,4,30,Barnegat ESE 8 mi,,,Sunk,,Lost,Mast above water,New York Maritime Register,
Unidentified,0,,Sunken wreck,1875,5,16,Squan,,,Sunk,,Lost,Mast above water,New York Maritime Register,
Unidentified,0,Sea Nymph,Sunken wreck,1875,9,20,Barnegat ESE5 mi,,,Sunk,,Abandoned,Sea Nymph struck mast,New York Maritime Register,
Unidentified,0,,Schooner,1875,9,24,Barnegat Light,,,Sunk,,Lost,Mast above water,New York Maritime Register,
Unidentified,0,,Schooner,1875,10,4,Ludlams Beach USLSS #33,,,Derelict,,Abandoned,Colors at half mast,New York Maritime Register,
Unidentified,0,,Schooner,1875,11,18,Barnegat Light SSE 12 mi,,,Sunk,,Lost,Mast above water,New York Maritime Register,
Unidentified,0,,Schooner,1875,11,19,Barnegat SSE 16 mi,,,Waterlogged,,Abandoned,"Flying letter ""E""",New York Maritime Register,
Unidentified,0,,Ship,1875,12,19,Highlands SE,,,Derelict,,Abandoned,Full of water,New York Maritime Register,
Unidentified,0,,Ship,1877,4,5,Barnegat,,,Sunk,,Abandoned,Mast 10 feet above water,New York Maritime Register,
Unidentified,0,,Ship,1877,6,17,Barnegat SSE 12 mi,,,Sunk,,Abandoned,Mast 10 feet above water,New York Maritime Register,
Unidentified,0,,Ship,1877,9,26,Absecon Light N 7 mi,,,Sunk,,Abandoned,Spars above water,New York Maritime Register,
Unidentified,0,,Ship,1877,10,7,Absecon Light N 8 mi,,,Sunk,,Abandoned,Obstacle to navigation,New York Maritime Register,
Unidentified,0,,Schooner,1877,11,1,Sandy Hook Point,,,Stranded,,Refloated,Towed to New York,New York Maritime Register,
Unidentified,0,John Farnham,Schooner,1877,11,3,Barnegat SSE 15 mi,,,Capsized,,Abandoned,"Last 3letters ""YEA""",New York Maritime Register,
Unidentified,0,,Steamer,1877,11,6,Barnegat E 3 mi,,,Capsized,,Drifting,Probably sank,New York Maritime Register,
Unidentified,0,,Schooner,1877,11,8,Egg Harbor SSE 7 mi,,,Waterlogged,,Abandoned,Obstacle to navigation,New York Maritime Register,
Unidentified,0,,Steamer,1877,11,23,Absecon SE 10 mi,,,Sunk,,Abandoned,Funnel above water,New York Maritime Register,
Unidentified,0,,Brig,1877,11,24,Barnegat Beach,,,Cargo found,,Ashore,20 bbls cod liver oil on beach,New York Maritime Register,
Unidentified,0,M D Millen,Vessel,1879,5,28,Five Fathoms Bank 20 mi,,,Sunk,,Abandoned,Found mast and sails,New York Maritime Register,
Unidentified,0,Ella Bodine,Schooner,1879,8,19,Cape May SE 25 mi,,,Sunk,,Abandoned,Mast out of water,New York Maritime Register,
Unidentified,0,James R Boyd,Schooner,1879,8,20,Five Fathom Lightship WNW 15 mi,,,Capsized,,Abandoned,,New York Maritime Register,
Unidentified,0,Ella Bodine,Schooner,1879,8,20,Long Branch SE 15 mi,,,Sunk,,Abandoned,Mast out of water,New York Maritime Register,
Unidentified,0,City of Columbus,Vessel,1879,8,22,,38-91-00,74-36-00,Capsized,,Abandoned,Bottom up,New York Maritime Register,
Unidentified,0,Indiana,Schooner,1879,11,19,,39-30-00,73-28-00,Wrecked,,Abandoned,,New York Maritime Register,
Unidentified,0,Gladiolus,Brig,1880,8,30,Delaware Capes E 35 mi,,,Derelict,,Abandoned,,New York Maritime Register,
Unidentified,0,,Scows,1880,10,26,Cape May 7 mi Beach,,,Stranded,,Ashore,Perhaps tows of tug America,New York Maritime Register,
Unidentified,0,,Vessel,1880,10,30,Long Branch Beach,,,Cargo on beach,,Ashore,Probably deckload,New York Maritime Register,
Unidentified,0,,Sloop,1881,1,22,Speramcetti Station #2 N 1.5 mi,,,Stranded,,Ashore,Wreckage stripped and cared for,USLSS Annual Report 1881,
Unidentified,0,,Sloop,1882,4,17,Sandy Hook,,,Capsized,,Shallows,4 men rescued,USLSS Annual Report 1882,
Unidentified,0,,Brig,1883,2,15,Monmouth Beach,,,Lost mast,,At anchor,Engaged a tow,New York Maritime Register,
Unidentified,0,Mamie Higgins,Yawl,1883,5,10,Absecon E 30 mi,,,Derelict,,Drifting,Possible collision ,New York Maritime Register,
Unidentified,0,F Mirwin,Wreckage,1883,5,16,Little Egg Harbor SE 10 mi,,,Wreckage,,Drifting,Sugar hogsheads,New York Maritime Register,
Unidentified,0,Caribbean,Schooner,1883,6,8,Barnegat SE 15 mi,,,Sunk,,Abandoned,Wreckage to be raised,New York Maritime Register,
Unidentified,0,Milliken,Whaleboat,1883,7,23,Barnegat E 60 mi,,,Derelict,,Drifting,No name found,New York Maritime Register,
Unidentified,0,,Brig,1883,9,17,Atlantic City,,,Lost sails,,Drifting North,Signals for a pilot,New York Maritime Register,
Unidentified,0,,Sloop,1883,10,16,Little Egg Harbo inlet,,,Stranded,,Ashore,1 person sved,USLSS Annual Report 1884,
Unidentified,0,Mattie A Franklin,Wreck,1884,1,16,Five Fathoms Bank E 20 mi,,,Derelict,,Abandoned,,New York Maritime Register,
Unidentified,0,,Wreckage,1884,2,12,Little Egg Harbor Beach,,,Wreckage,,Ashore,Straw beds,New York Maritime Register,
Unidentified,0,,Bark,1884,2,15,Barnegat Inlet,,,Stranded,,Ashore,,New York Maritime Register,
Unidentified,0,,Schooner,1884,2,21,Atlantic City S 1 mi,,,Stranded,,Ashore,2 masts 500 tons,New York Maritime Register,
Unidentified,0,Castalia,Schooner,1884,3,9,Absecon SSE 13 mi,,,Sunk,,Abandoned,Spars 10 feet above water,New York Maritime Register,
Unidentified,0,,Schooner,1884,3,11,USLSS #6 Deal Beach Offshore,,,Sunk,,Abandoned,Hazard to coastal shipping,New York Maritime Register,
Unidentified,0,Sandy Hook Pilot #6,Schooner,1884,3,11,Barnegat NE 12 mi,,,Sunk,,Abandoned,Hazard to coastal shipping,New York Maritime Register,
Unidentified,0,Spartan,Vessel,1884,3,19,Barnegat Light ENE 12 mi,,,Sunk,,Abandoned,Spars 12 feet above water,New York Maritime Register,
Unidentified,0,,Wreck,1884,4,10,Little Egg Harbor LightESSE 2.5 mi,,,Derelict,,Abandoned,Masts 40 ft above water,New York Maritime Register,
Unidentified,0,Geo H Ames,Schooner,1884,5,10,Highlands SE 10 mi,,,Sunk,,Abandoned,2 spars 15 ft out of water,New York Maritime Register,
Unidentified,0,Rhine,Vessel,1884,6,28,Sandy Hook E 300 mi,,,On Fire,,Abandoned,,New York Maritime Register,
Unidentified,0,Rillie S Derby,Brigantine,1884,7,6,Great Egg Harbor E 10 mi,,,Derelict,,Abandoned,Square Rigged vessel,New York Maritime Register,
Unidentified,0,Rillie S Derby,Schooner,1884,8,24,Barnegat SeE 14 mi,,,Derelict,,Abandoned,Spars with rigging,New York Maritime Register,
Unidentified,0,Caleb S Ridgeway,Schooner,1884,8,30,Barnegat SE 9 mi,,,Sunk,,Abandoned,Masts above water,New York Maritime Register,
Unidentified,0,Daylight,Wreckage,1884,8,31,Barnegat SE 12 mi,,,Sunk,,Abandoned,Hazard to coastal shipping,New York Maritime Register,
Unidentified,0,C H Marshall,Schooner,1884,9,6,Barnegat E 12 mi,,,Capsized,,Abandoned,Possibly collided,New York Maritime Register,
Unidentified,0,Morning Star,Vessel,1884,10,15,,38-32-00,73-53-00,Sunk,,Abandoned,Mast above waater,New York Maritime Register,
Unidentified,0,Mary & Catherine #6,Schooner,1884,11,3,Highlands SE 25 mi,,,Sunk,,Abandoned,2 masts 500 tons,New York Maritime Register,
Unidentified,0,Frostburg,Schooner,1884,12,20,Fiive Fathom Bank Light NE 12 m,,,Burning,,Abandoned,Burning to waterline,New York Maritime Register,
Unidentified,0,Levi P Castro,Vessel,1884,12,23,Great Egg Harbor,,,Capsized,,Abandoned,Just off beach,New York Maritime Register,
Unidentified,0,Switzerland,Vessel,1885,1,23,,39-00-00,73-53-00,Sunk,,Abandoned,Spars attached to wreck,New York Maritime Register,
Unidentified,0,Scotia,Schooner,1885,3,15,Sandy Hook ESE 140 mi,,,Derelict,,Abandoned,,New York Maritime Register,
Unidentified,0,Basil,Wreckage,1885,5,5,Sandy Hook SSE 130 mi,,,Wreckage,,Drifting,Macheral dories/barrels,New York Maritime Register,
Unidentified,0,,Schooner,1885,5,19,Sandy Hook,,,Derelict,,Drifting,Passedby,New York Maritime Register,
Unidentified,0,City of Washington,Float,1885,5,20,Barnegat ENE 8 mi,,,Derelict,,Drifting,House on deck,New York Maritime Register,
Unidentified,0,,Schooner,1885,7,21,Long Branch,,,Waterlogged,,In tow,Carried away in storm,New York Maritime Register,
Unidentified,0,,Wreckage,1885,8,12,Atlantic City Beach,,,Wreckage,,Ashore,"60,000 laths deckload",New York Maritime Register,
Unidentified,0,Mischief,Sloop,1885,8,15,Sandy Hook,,,Lost mast,,In tow,,New York Maritime Register,
Unidentified,0,Florence Shay,Sailboat,1885,9,25,Atlantic City E 20 mi,,,Derelict,,Drifting,Taken intow,New York Maritime Register,
Unidentified,0,Emma Kate Ross,Mud scows,1885,10,29,Long Branch S,,,Broke loose of tow,,Ashore,No one aboard scows,New York Maritime Register,
Unidentified,0,,Yawl 21 foot,1885,11,23,Cedar Creek USLSS,,,Stranded,,Ashore,Found by USLSS crew,New York Maritime Register,
Unidentified,0,,Yawl 16 foot,1885,11,25,Chadwick USLSS,,,Stranded,,Ashore,Found by USLSS crew,New York Maritime Register,
Unidentified,0,,Bank skiff,1885,12,8,Little Egg Harbor USLSS,,,Stranded,,Ashore,Found by USLSS crew,New York Maritime Register,
Unidentified,0,Sparton,Vessel,1886,1,11,Absecon ESE 20 mi,,,Sunk,,Abandoned,Masts above water,New York Maritime Register,
Unidentified,0,Fram,Vessel,1886,1,13,Five Fathoms Light E 14 mi,,,Sunk,,Abandoned,Hazard to coastal shipping,New York Maritime Register,
Unidentified,0,NY Pilot Boat #16,Vessel,1886,1,24,Barnegat SE 15 mi,,,Sunk,,Abandoned,Masts above water,New York Maritime Register,
Unidentified,0,,Wreckage,1886,1,25,Spring Lake USLSS,,,Stranded,,Ashore,Oranges from Florida,New York Maritime Register,
Unidentified,0,,Scow boat,1886,1,26,Spermaceti Cove USLSS #2,,,Stranded,,Ashore,16 ft scow boat,New York Maritime Register,
Unidentified,0,J F Laubat #16,Yawl boat,1886,2,6,The Highlands SE 23 mi,,,Capsized,,Drifting,Picked up,New York Maritime Register,
Unidentified,0,Johns Hopkins,Vessel,1886,2,20,Barnegat ENE 45 mi,,,Sunk,,Abandoned,2 masts above water,New York Maritime Register,
Unidentified,0,Johns Hopkins,Vessel,1886,2,20,Barnegat SES 30 mi,,,Sunk,,Abandoned,Masts above water,New York Maritime Register,
Unidentified,0,,Schooner,1886,3,10,Absecon E 26 mi,,,Sunk,,Abandoned,Hazard to coastal shipping,New York Maritime Register,
Unidentified,0,,Fishing skiff,1886,3,15,Deal USLSS,,,Capsized,,Ashore,Young man drowned,USLSS Annual Report 1886,
Unidentified,0,,Life Preserver,1886,3,21,Speraceti Cove USLSS #2,,,Stranded,,Ashore,"Name ""Newport""",New York Maritime Register,
Unidentified,0,,Wreckage,1886,3,30,Bayhead USLSS,,,Stranded,,Ashore,14 foot boat beached,New York Maritime Register,
Unidentified,0,,Wreckage,1886,3,30,Deal Beach USLSS,,,Stranded,,Ashore,Scow 10 x 75,New York Maritime Register,
Unidentified,0,Balkan,Vessel,1886,3,30,Barnegat SE 20 mi,,,Sunk,,Abandoned,3 masts above water,New York Maritime Register,
Unidentified,0,Algiers,Vessel,1886,3,30,Barnegat NNE 15 mi,,,Sunk,,Abandoned,Masts above water,New York Maritime Register,
Unidentified,0,Henry S Culver,Vessel,1886,4,4,Sandy Hook SExE 33 mi,,,Sunk,,Abandoned,3 spars above water,New York Maritime Register,
Unidentified,0,Ella M Hawes,Schooner,1886,4,8,Absecon,,,Sunk,,Abandoned,2 spars above water,New York Maritime Register,
Unidentified,0,Richmond,Schooner,1886,4,9,Absecon Light NNE 16 mi,,,Sunk,,Abandoned,2 spars above water,New York Maritime Register,
Unidentified,0,Norman,Vessel,1886,4,10,Barnegat NEE 48 mi,,,Sunk,,Abandoned,Spars above water,New York Maritime Register,
Unidentified,0,Spartan,Vessel,1886,4,15,Barnegat ENE 50 mi,,,Sunk,,Abandoned,Masts above water,New York Maritime Register,
Unidentified,0,,Wreckage,1886,4,16,Bond's USLSS,,,Stranded,,Ashore,96 empty Kerosene barrels,USLSS Annual Report 1886,
Unidentified,0,Anna Maria D'abundo,Vessel,1886,4,19,Barnegat SE 30 mi,,,Sunk,,Abandoned,Masts above water,New York Maritime Register,
Unidentified,0,Enchatress #18,Ship's boat,1886,4,21,The Highlands SExE 25 mi,,,Wreckage,,Drifting,From sunken ship,New York Maritime Register,
Unidentified,0,Emma Crosby,Vessel,1886,4,23,Barnegat SSE 21 mi,,,Sunk,,Abandoned,Mast appeared to be burned,New York Maritime Register,
Unidentified,0,Flamborough,Vessel,1886,5,5,Barnegat SE 20 mi,,,Sunk,,Abandoned,Masts above water,New York Maritime Register,
Unidentified,0,Stacy Clark,Wreckage,1886,5,8,Five Fathom Bank E 25 mi,,,Wreckage,,Drifting,New in water,New York Maritime Register,
Unidentified,0,J Nickerson,Wreckage,1886,5,9,Barnegat,,,Wreckage,,Drifting,Pine wood deck load,New York Maritime Register,
Unidentified,0,C H Trickey,Schooner,1886,5,9,Barnegat Light NNE 40 mi,,,Sunk,,Abandoned,Masts above water,New York Maritime Register,
Unidentified,0,Fred E Richards,Vessel,1886,5,12,Five Fathom Bank NW 12 mi,,,Sunk,,Abandoned,Masts above water,New York Maritime Register,
Unidentified,0,Maggie Andews,Vessel,1886,5,21,Barnegat,,,Sunk,,Abandoned,Masts above water,New York Maritime Register,
Unidentified,0,Amazonense,Dory,1886,5,29,Barnegat SE 120 mi,,,Lost,,Drifting,Picked up Macheral dory,New York Maritime Register,
Unidentified,0,Hugo,Vessel,1886,6,2,Barnegat SE 28 mi,,,Sunk,,Abandoned,Spars above water,New York Maritime Register,
Unidentified,0,Kaje Fawcett,Vessel,1886,6,5,Barnegat SE 14 mi,,,Sunk,,Abandoned,Hazard to coastal shipping,New York Maritime Register,
Unidentified,0,Trinidad,Schooner,1886,6,6,Sandy Hook SE 45 mi,,,Sunk,,Abandoned,3 masts above water,New York Maritime Register,
Unidentified,0,Albert T Stearns,Vessel,1886,6,13,,40-06-00,73-10-00,Sunk,,Abandoned,Spars above water,New York Maritime Register,
Unidentified,0,Bakran,Vessel,1886,6,14,Barnegat E 60 mi,,,Sunk,,Abandoned,Top gallant mast above water,New York Maritime Register,
Unidentified,0,Eva May,Steamer,1886,6,22,Barngat SE 7 mi,,,Sunk,,Abandoned,Masts above water,New York Maritime Register,
Unidentified,0,,Vessel,1886,7,6,Barnegat Light E 11 mi,,,Sunk,,Abandoned,Masts above water,New York Maritime Register,
Unidentified,0,Clara E Simpson,Vessel,1886,7,14,Barnegat SE 12 mi,,,Sunk,,Abandoned,Spars above water,New York Maritime Register,
Unidentified,0,,Schooner,1886,7,29,Barnegat E 12 mi,,,Sunk,,Abandoned,Masts 20 feet above water,New York Maritime Register,
Unidentified,0,Rose,Vessel,1886,8,8,Barnegat ESE 13 mi,,,Sunk,,Abandoned,Masts above water,New York Maritime Register,
Unidentified,0,Georgia,Vessel,1886,8,19,Barnegat SE 15 mi,,,Sunk,,Abandoned,Masts above water,New York Maritime Register,
Unidentified,0,Howard,Vessel,1886,8,27,Absecon SExE 23 mi,,,Sunk,,Abandoned,Masts above water,New York Maritime Register,
Unidentified,0,City of Berlin,Schooner,1886,9,2,Sandy Hook E 150,,,Derelict,,Drifting,Abandoned,New York Maritime Register,
Unidentified,0,Halley,Vessel,1886,9,6,Barnegat NE 20 mi,,,Sunk,,Abandoned,Masts above water,New York Maritime Register,
Unidentified,0,John Rose,Schooner,1886,9,22,Barnegat ESE 15 mi,,,Sunk,,Abandoned,Masts above water,New York Maritime Register,
Unidentified,0,,Cat-boat,1886,9,26,Sandy Hook USLSS N .25 mi,,,Stranded,,Ashore,3 crew from Brooklyn,USLSS Annual Report 1887,
Unidentified,0,Samuel Welsh,Wreckage,1886,11,21,Barnegat E 25 mi,,,Wreckage,,Drifting,"Beds, PFD's",New York Maritime Register,
Unidentified,0,,Vessel,1886,11,23,Barnegat,,,Wreckage,,Drifting,Deck house,New York Maritime Register,
Unidentified,0,Francis L Cooper,Steamer,1886,12,9,Sandy Hook S 120 mi,,,On fire,,Moving north,Possibly exploded,New York Maritime Register,
Unidentified,0,,Wreckage,1886,12,9,South Brigantine USLSS,,,Wreckage,,Ashore,Boom & sail from sloop,New York Maritime Register,
Unidentified,0,,Schooner,1887,1,8,Seabright USLSS E 1 mi,,,In distress,,Drifting,Barely holding on.,New York Maritime Register,
Unidentified,0,Napier,Wreckage,1887,1,9,Barnegat,,,Wreckage,,Drifting,Mast and cork wood,New York Maritime Register,
Unidentified,0,,Wreckage,1887,1,15,Monmouth Beach USLSS,,,Wreckage,,Ashore,Galley equipment,New York Maritime Register,
Unidentified,0,John Harvey,Vessel,1887,1,16,Barnegat SE 60 mi,,,Sunk,,Abandoned,Deckhouse out of water,New York Maritime Register,
Unidentified,0,,Schooner,1887,2,26,Sandy Hook,,,Stranded,,Refloated,Inbound to NY Bay,New York Maritime Register,
Unidentified,0,Lovaine,Wreckage,1887,2,26,Five Fathoms Bank SE 60 mi,,,Wreckage,,Drifting,staves and hoops,New York Maritime Register,
Unidentified,0,Derby,Schooner,1887,3,1,Sandy Hook ESE 50 mi,,,Wreckage,,Drifting,From small schooner,New York Maritime Register,
Unidentified,0,,Wreckage,1887,3,4,Chadwick USLSS,,,Wreckage,,Ashore,Cargo coming ashore,New York Maritime Register,
Unidentified,0,James Gordon Bennett #6,Vessel,1887,3,20,Barnegat SExS 28 mi,,,Sunk,,Abandoned,Hazard to coastal shipping,New York Maritime Register,
Unidentified,0,Samana,Schooner,1888,2,1,Absecon SE 21 mi,,,Sunk,,Abandoned,Masts above water,New York Maritime Register,
Unidentified,0,Alleghany,Vessel,1888,2,1,,38-55-00,74-06-00,Sunk,,Abandoned,Masts above water,New York Maritime Register,
Unidentified,0,Nanny,Steamer,1888,2,14,Absecon SE 33 mi,,,Sunk,,Abandoned,Hazard to coastal shipping,New York Maritime Register,
Unidentified,0,Polly Scott,Vessel,1888,2,19,,37-42-00,74-49-00,Sunk,,Abandoned,Masts above water,New York Maritime Register,
Unidentified,0,Polly Scott,Schooner,1888,2,19,NE 5 mi from,37-42-00,74-49-00,Sunk,,Abandoned,Masts above water,New York Maritime Register,
Unidentified,0,Hattie Williams,Vessel,1888,2,19,Five Fathom Bank,38-48-00,74-36-00,Sunk,,Abandoned,Masts above water,New York Maritime Register,
Unidentified,0,,Sailboat,1888,2,26,Townsends Inlet Bar,,,Capsized,,In distress,2 persons died,USLSS Annual Report 1888,
Unidentified,0,Advance,Vessel,1888,2,27,,,,Sunk,,Abandoned,Masts above water,New York Maritime Register,
Unidentified,0,Comal,Schooner,1888,3,7,Five Fathom Bank S Light 19 mi,,,Sunk,,Abandoned,Masts above water,New York Maritime Register,
Unidentified,0,Mabel Hooper,Vessel,1888,3,8,Barnegat SE ,,,Sunk,,Abandoned,Hazard to coastal shipping,New York Maritime Register,
Unidentified,0,Rembrandt,Schooner,1888,4,17,,38-57-00,73-45-00,Sunk,,Abandoned,Masts above water,New York Maritime Register,
Unidentified,0,Howard,Schooner,1888,4,30,Five Fathom Bank Light ENE 15 mi,,,Sunk,,Abandoned,Masts above water,New York Maritime Register,
Unidentified,0,,Shantyboat,1889,9,10,Spermaceti Cove USLSS #2,,,Destroyed,,Abandoned,Father saved by USLSS,USLSS Annual Report 1890,
Unidentified,0,,Cargo,1889,9,17,Holly Beach USLSS,,,Cargo,,Ashore,100 barrels refined oil,USLSS Annual Report 1890,
Unidentified,0,,Seine boat,1889,10,22,Cape May USLSS,,,Capsized,,Shallows,Fell in hole; died,USLSS Annual Report 1890,
Unidentified,0,,Sloop-yacht,1890,5,18,Sandy Hook USLSS NW .75 mi ,,,Stranded,,Ashore,3 men; ship slost,USLSS Annual Report 1890,
Unidentified,0,,Sailboat,1890,9,24,Sandy Hook USLSS,,,Stranded,,Ashore,,USLSS Annual Report 1891,
Unidentified,0,USS Fern,Vessel,1893,7,4,Sandy Hook E 8 mi,,,Sunk,,Abandoned,Blown to pieces,Wrecks and Derelicts of N Atlantic,
Unidentified,0,,Fishing boat,1893,8,26,Long Branch USLSS,,,Lost,,Ashore,Aided by USLSS,USLSS Annual Report 1894,
Unidentified,0,USS Vesuvius,Vessel,1893,10,14,Barnegat ENE 14 mi,,,Sunk,,Abandoned,Spars removed by Navy,Lt Comdr Frank Courtis Report,
Unidentified,0,USS Vesuvius,Vessel,1893,10,15,Off NJ Coast,39-12-30,73-49-30,Sunk,,Abandoned,Failed to remove masts,Wrecks and Derelicts of N Atlantic,
Unidentified,0,USS Vesuvius,Wreck,1894,1,24,Inside Northeast End Lightship,,,Sunk,,Obstruction,No. 209 destroyed,Wrecks and Derelicts of N Atlantic,
Unidentified,0,,Vessel,1894,7,21,Little Beach USLSS,,,Burned,,Abandoned,Sought help,USLSS Annual Report 1895,
Unidentified,0,,Vessel,1894,9,6,Bayhead USLSS,,,Destitute,,,"Sought passage to Norfolk, VA",USLSS Annual Report 1895,
Unidentified,0,,Skiff,1894,10,4,Cold Spring USLSS ENE 3 mi,,,Capsized,,Washed off boat,1 survived; 1 drowned,USLSS Annual Report 1895,
Unidentified,0,,Schooner,1895,11,18,Long Beach USLSS N,,,Stranded,,Ashore,Official # 91998,USLSS Wreck Report,
Unidentified,0,,Skiff,1897,8,9,Shark River LSS N 1 mi,,,Capsized,,Abandoned,2 survived; 1 drowned,USLSS Annual Report 1898,
Unidentified,0,,Sloop,1898,1,14,Little Egg Shoal,,,Stranded,,Ashore,Couple sought USLSS help,USLSS Annual Report 1898,
Unidentified,0,,Fishing boat,1899,1,7,Spermaceti Cove LSS S 1.5 mi,,,Adrift,,Abandoned,Man saved; boat lost,USLSS Annual Report 1899,
Unidentified,0,,Bateau,1899,1,15,Great Egg LSS,,,Adrift ,,Recovered,Awaiting claimant,USLSS Annual Report 1899,
Unidentified,0,,Fishing boat,1899,1,30,Shark River LSS NE 3 mi,,,Capsized,,Rescued,1 survived; 2 drowned,USLSS Annual Report 1899,
Unidentified,0,,Catboat,1900,9,20,Great Egg LSS SW 1 mi,,,Stranded,,Ashore,Man rescued; boat lost,USLSS Annual Report 1901,
Unidentified,0,,Skiff,1900,12,26,Sea Isle City LSS,,,Capsized,,Recovered,2 drowned; boat recovered.,USLSS Annual Report 1901,
Unidentified,0,,Rowboat,1901,9,13,Shark River LSS,,,In peril,,Rescued,4 men saved; boat lost,USLSS Annual Report 1902,
Unidentified,0,,Fish Boat,1901,11,6,Monmouth Beach LSS S .5 mi,,,In peril,,Rescued,5 saved; 2 drowned,USLSS Annual Report 1902,
Unidentified,0,,Dory,1901,12,28,Turtle Gut LSS,,,Starnded,,Abandoned,Awaiting claimant,USLSS Annual Report 1902,
Unidentified,0,,Skiff,1902,1,7,Spring Lake LSS N 1 mi,,,Capsized,,Ashore,2 drowned ,USLSS Annual Report 1902,
Unidentified,0,,Ship,1903,,,Ship Bottom,,,Stranded,,Ashore,4 saved; 1 died exposure,The Jersey Shore,Harold F Wilson
Unidentified,0,,Barges (2),1905,12,27,Swash Channel Romer Shoals,,,Sunk,,Shallows,Hazard to Navigation,Marie Levine,
Unidentified,0,,Schooner,1905,,,Peahala Long Beach LSS,,,Stranded,,Ashore,Crew saved,Lure of Long Beach,R F Engle
Unidentified,0,,Schooner,1907,12,31,Chadwick LSS ESE 12 mi,,,Derelict,,Abandoned,Keeper notified Cutter,USLSS Annual Report 1908,
Unidentified,0,,Schooner,1908,,,Tuckers Island,,,Stranded,,Destroyed fire,Cargo of coal,Tuckerton Beacon 4/1/1909,
Unidentified,0,,Schooner,1909,3,11,Long Beach LSS S 3 mi,,,Dismasted,,Anchored,Signalling for tug,USLSS Annual Report 1909,
Unidentified,0,RC `Mohawk,Wreckage,1909,5,26,Sandy Hook,,,Dragged to shaore,,Ashore,USLSS assisted RC Mohawk,USLSS Annual Report 1909,
Unidentified,0,,Scow,1910,1,2,Scotland Lightship,,,Capsized,,Sank,1 man lost; Towed by Joshua Lovett,Marine Mishaps from Shippin Illus. 1917,
Unidentified,0,RC `Mohawk,Schooner,1910,3,28,Hereford Inlet E 2.75 mi,,,Sunk,,Found,Mohwk destroyed with mines,US Revenue Cutter Service Reoprt 1912,
Unidentified,0,,Fish Pound boat,1910,4,20,Hereford Inlet Bar,,,Capsized,,3 drowned,4 suvivors clung to boat,USLSS Annual Report 1910,
Unidentified,0,Herman Ellis,Submerged wreck,1910,5,6,Little Egg Harbor N 10 mi,,,Holed,,Headed Back,Hauled out in Tuckerton,USLSS Annual Report 1910,
Unidentified,0,,Fish Pound boat,1912,6,17,Island Beach LSS NE 1 mi,,,Capsized,,Lost engine,5 saved; 3 lost,USLSS Annual Report 1912,
Unidentified,0,RC `Mohawk,Barge,1916,10,26,,39-51-00,73-59-00,Derelict,,Destroyed fire,Sunk with gun cotton mines,USCG Annual Report 1917,
Unidentified,0,,Schooner,1921,5,23,Barnegat City 16th Street,,,Stranded,,Ashore,Went to pieces,Log of LightStation Barnegat City,
Unidentified,0,,Barge,1928,2,2,New Jersey shore,,,Wrecked,,1 survivor,Possibly Nassau,Tom Nickerson (son of survivor),
Unidentified,0,,Vessel,1930,11,24,Beach Haven E 2.5 mi,,,Sunk,,3 saved,Possibly bootleggers,Tuckerton Beacon 11/27/1930,
Unidentified,0,,Barge,1936,,,Bradley Beach   E 1 mi,40-12-00,73-58-54,Sunk,,Lost,Diving wreck,Shipwrecks off NJ Coast - 1966,Walter & Richard Krotee
Unidentified,0,,Steel Oil Barge,1937,,,Long Beach Island,,,Sunk,,Lost,No info,Map of Romantic Island Long Beach,Charles Edgar Nash
Unidentified,0,,Car Float,1938,,,Absecon Inlet SE 14.5 mi,39-20-18,74-21-00,Wire dragged,,Cleared to 35 feet,Hydro Office # 598,Wreck Information List Hydrographic Office,
Unidentified,0,,Collier,1942,,,Atlantic City 110 degrees 8 mi,39-18-30,74-15-54,Sunk,,60 feet,Diver wreck,Shipwrecks off NJ Coast - 1966,Walter & Richard Krotee
Unidentified,0,,Barge,1943,1,22,Ship Bottom E 3 mi,39-37-00,74-07-30,Sunk,,60 feet,,Shipwrecks off NJ Coast - 1966,Walter & Richard Krotee
Unidentified,0,,Freighter,1943,10,27,Belmar,,,Stranded,,Refloated,F J Luchenbach,The Beach Pounders,Macolm F Willoughby
Unidentified,0,,Wreck,1943,,,,40-09-00,73-21-00,,,,,Atlas of Treasure Maps - 1952,F L Coffman
Unidentified,0,,Barge,1944,9,30,Barnegat E 6 mi,39-45-30,73-58-28,Sunk,,60 feet,,Atlas of Treasure Maps - 1952,F L Coffman
Unidentified,0,,Barge,1944,9,,,39-44-50,73-57-56,Sunk,,68 feet,Hydro Office # 822,Wreck Information List Hydrographic Office,
Unidentified,0,,Yacht,1945,,,Corsons Inlet E 6 mi,39-11-48,74-31-00,Sunk,,55 feet,Hydro Office # 869,Wreck Information List Hydrographic Office,
Unidentified,0,,Barge,1946,,,Sandy Hook E 5 mi,40-27-54,73-52-30,Sunk,,60 feet,Diver wreck,Shipwrecks off NJ Coast - 1966,Walter & Richard Krotee
Unidentified,0,,Barge,1948,,,Atlantic City SE 5 mi,39-17-24,74-22-00,Sunk,,45 feet,Diver wreck,Shipwrecks off NJ Coast - 1966,Walter & Richard Krotee
Unidentified,0,,Barge,1950,,,South Amboy,,,Exploded,,,30 dead,Perils of the Port of NY,Rattray
Unidentified,0,,Barge,1952,5,3,Avalon SE 4 mi,,,Sunk,,48 feet,40 x 20 barge,Marie Levine,Marie Levine
Unidentified,0,,Dry Dock,1961,,,Beach Haven Inlet  E 5 mi,39-30-48,74-11-09,Sunk,,60 feet,183 x 65 x 34,Shipwrecks off NJ Coast - 1966,Walter & Richard Krotee
Unidentified,0,,Cabin cruiser,1963,7,23,Shark River Inlet E 6 mi,,,Hit jetty rocks,,28 feet,Total loss,Philadelphia Evening Bulletin 7/23/63,
Unidentified,0,,Cabin cruiser,1972,2,6,Great Egg Harbor Inlet E 4 mi,,,Exploded/burned,Leon Bennett,Owner died,Total loss,Philadelphia Evening Bulletin 2/7/72,
Unidentified,0,,Barge,1981,11,11,Barnegat Light E 1 mi,,,Sunk,,50 feet,Unknownowner,Beach Haven Times,
Visible Wrecks,0,,,,,,Sandy Hook,40-27-30 N,73-59-24 W,,,24,,Shipwrecks off NJ Coast - 1966,Walter & Richard Krotee
Paddle Wheeler,0,,,,,,Fire Island Light S 200 yds,,,,,20,,The International Divers Guide - 1977,
Tea Wreck,0,,,,,,Jones Inlet Jetty E .5 mi,,,,,30,,The International Divers Guide - 1977,
Unidentified,1,,,,,,Stone Harbor,39-02-35 N,74-11-20 W,,,48,,Atlas of Treasure Maps - 1952,F L Coffman
Unidentified,1,,,,,,Brigantine,39-29-20 N,74-15-25 W,,,24,,Atlas of Treasure Maps - 1952,F L Coffman
Unidentified,1,,,,,,Sandy Hook,40-25-32 N,73-51-00 W,,,45,,Atlas of Treasure Maps - 1952,F L Coffman
Unidentified,1,,,,,,Sandy Hook,40-25-25 N,73-57-30 W,,,Ashore,,Atlas of Treasure Maps - 1952,F L Coffman
Unidentified,1,,,,,,Sea Bright,40-21-40 N,73-56-05 W,,,35,,Atlas of Treasure Maps - 1952,F L Coffman
Unidentified,1,,,,,,Long Branch,40-18-25 N,73-56-38 W,,,34,,Atlas of Treasure Maps - 1952,F L Coffman
Unidentified,1,,,,,,Neptune,40-12-03 N,73-59-13 W,,,39,,Atlas of Treasure Maps - 1952,F L Coffman
Unidentified,1,,,,,,Asbury Park,40-12-45 N,73-44-25 W,,,95,,Atlas of Treasure Maps - 1952,F L Coffman
Unidentified,1,,,,,,Sea Girt,40-08-00 N,73-53-35 W,,,58,,Atlas of Treasure Maps - 1952,F L Coffman
Unidentified,1,,,,,,Sandy Hook,40-25-25 N,73-51-38 W,,,41,,Atlas of Treasure Maps - 1952,F L Coffman
Unidentified,1,,,,,,Sandy Hook,40-25-35 N,73-30-05 W,,,8,,Atlas of Treasure Maps - 1952,F L Coffman
Unidentified,1,,,,,,Jones Beach,40-37-40-N,73-21-10 W,,,Ashore,,Atlas of Treasure Maps - 1952,F L Coffman
Unidentified,1,,,,,,Jones Beach,40-37-40-N,73-18-18 W,,,Ashore,,Atlas of Treasure Maps - 1952,F L Coffman
Unidentified,1,,,,,,Brooklyn,40-35-10 N,73-59-55 W,,,Ashore,,Atlas of Treasure Maps - 1952,F L Coffman
Unidentified,1,,,,,,Brooklyn,40-35-05 N,74-02-05 W,,,Ashore,,Atlas of Treasure Maps - 1952,F L Coffman
Unidentified,1,,,,,,Staten Island,40-37-00 N,74-09-00 W,,,Ashore,,Atlas of Treasure Maps - 1952,F L Coffman
Unidentified,1,,,,,,Sandy Hook,40-27-45 N,73-52-22 W,,,49,,Atlas of Treasure Maps - 1952,F L Coffman
Unidentified,1,,,,,,Sandy Hook,40-27-06 N,73-55-05 W,,,40,,Atlas of Treasure Maps - 1952,F L Coffman
Unidentified,1,,,,,,Sandy Hook,40-27-55 N,73-59-25 W,,,Ashore,,Atlas of Treasure Maps - 1952,F L Coffman
Unidentified,1,,,,,,Surf City,39-39-20 N,73-57-00 W,,,60,,Atlas of Treasure Maps - 1952,F L Coffman
Unidentified,1,,,,,,Sandy Hook,40-25-08 N,73-51-22 W,,,41,,Atlas of Treasure Maps - 1952,F L Coffman
Unidentified,1,,,,,,Sea Bright,40-22-25 N,73-51-15 W,,,34,,Atlas of Treasure Maps - 1952,F L Coffman
Unidentified,1,,,,,,Monmouth Beach,40-20-00 N,73-51-20 W,,,34,,Atlas of Treasure Maps - 1952,F L Coffman
Unidentified,1,,,,,,Neptune,40-12-10 N,73-58-00 W,,,24,,Atlas of Treasure Maps - 1952,F L Coffman
Unidentified,1,,,,,,Belmar,40-10-00 N,73-59-00 W,,,33,,Atlas of Treasure Maps - 1952,F L Coffman
Unidentified,1,,,,,,Asbury Park,40-13-05 N,73-52-10 W,,,54,,Atlas of Treasure Maps - 1952,F L Coffman
Unidentified,1,,,,,,Jones Beach,40-35-30 N,73-31-40 W,,,Ashore,,Atlas of Treasure Maps - 1952,F L Coffman
Unidentified,1,,,,,,Jones Beach,40-35-45 N,73-25-25 W,,,Ashore,,Atlas of Treasure Maps - 1952,F L Coffman
Unidentified,1,,,,,,Brooklyn,40-35-05 N,73-59-30 W,,,Ashore,,Atlas of Treasure Maps - 1952,F L Coffman
Unidentified,1,,,,,,Brooklyn,40-35-00 N,73-59-40 W,,,Ashore,,Atlas of Treasure Maps - 1952,F L Coffman
Unidentified,1,,,,,,Brooklyn,40-35-13 N,74-01-10 W,,,12,,Atlas of Treasure Maps - 1952,F L Coffman
Unidentified,1,,,,,,Staten Island,40-34-30 N,74-04-25 W,,,Ashore,,Atlas of Treasure Maps - 1952,F L Coffman
Unidentified,1,,,,,,Sandy Hook,40-28-25 N,73-53-10 W,,,42,,Atlas of Treasure Maps - 1952,F L Coffman
Unidentified,2,,,,,,Cape May,38-56-25 N,74-41-40 W,,,,,Atlas of Treasure Maps - 1952,F L Coffman
Unidentified,2,,,,,,Fenwick Island,38-27-22 N,74-56-04 W,,,,,Atlas of Treasure Maps - 1952,F L Coffman
Unidentified,2,,,,,,Lewes,38-52-00 N,75-08-00 W,,,,,Atlas of Treasure Maps - 1952,F L Coffman
Unidentified,2,,,,,,Lewes,38-50-30 N,75-06-15 W,,,,,Atlas of Treasure Maps - 1952,F L Coffman
Unidentified,2,,,,,,Cape Henlopen,38-48-35 N,74-10-25 W,,,,,Atlas of Treasure Maps - 1952,F L Coffman
Unidentified,2,,,,,,Cape Henlopen,38-48-30 N,75-04-30 W,,,,,Atlas of Treasure Maps - 1952,F L Coffman
Unidentified,2,,,,,,Cape Henlopen,38-48-20 N,75-04-20 W,,,,,Atlas of Treasure Maps - 1952,F L Coffman
Unidentified,2,,,,,,Rehoboth Beach,38-42-40 N,75-03-00 W,,,,,Atlas of Treasure Maps - 1952,F L Coffman
Unidentified,2,,,,,,Fenwick Island,38-28-00 N,74-58-45 W,,,,,Atlas of Treasure Maps - 1952,F L Coffman
Unidentified,2,,,,,,Bethany Beach,38-36-20 N,74-57-00 W,,,,,Atlas of Treasure Maps - 1952,F L Coffman
Unidentified,2,,,,,,Bethany Beach,38-35-30 N,74-56-30 W,,,,,Atlas of Treasure Maps - 1952,F L Coffman
Unidentified,2,,,,,,Fire Island,40-35-45 N,73-11-30 W,,,66,,Atlas of Treasure Maps - 1952,F L Coffman
Unidentified,2,,,,,,Rockaway Beach,40-32-00 N,73-51-00 W,,,24,,Atlas of Treasure Maps - 1952,F L Coffman
Unidentified,2,,,,,,Highlands,40-25-12 N,73-45-18 W,,,70,,Atlas of Treasure Maps - 1952,F L Coffman
Unidentified,2,,,,,,Seabright,40-21-18 N,73-56-06 W,,,35,,Atlas of Treasure Maps - 1952,F L Coffman
Unidentified,2,,,,,,Long Branch,40-17-00 N,73-57-00 W,,,42,,Atlas of Treasure Maps - 1952,F L Coffman
Unidentified,2,,,,,,Long Branch,40-16-54 N,73-56-34 W,,,45,,Atlas of Treasure Maps - 1952,F L Coffman
Unidentified,2,,,,,,Seabright,40-21-24 N,73-49-18 W,,,,,Atlas of Treasure Maps - 1952,F L Coffman
Unidentified,2,,,,,,Sandy Hook,40-27-22 N,73-59-13 W,,,Ashore,,Atlas of Treasure Maps - 1952,F L Coffman
Unidentified,2,,,,,,Atlantic Highlands,40-25-00 N,74-00-02 W,,,Ashore,,Atlas of Treasure Maps - 1952,F L Coffman
Unidentified,2,,,,,,Sandy Hook,40-26-00 N,73-58-40 W,,,Ashore,,Atlas of Treasure Maps - 1952,F L Coffman
Unidentified,2,,,,,,Sandy Hook,40-25-45 N,73-54-25 W,,,55,,Atlas of Treasure Maps - 1952,F L Coffman
Unidentified,2,,,,,,Sandy Hook,40-25-40 N,73-55-00 W,,,49,,Atlas of Treasure Maps - 1952,F L Coffman
Unidentified,2,,,,,,Sandy Hook,40-25-35 N,73-51-40 W,,,46,,Atlas of Treasure Maps - 1952,F L Coffman
Unidentified,2,,,,,,Surf City,39-40-05 N,74-05-25 W,,,30,,Atlas of Treasure Maps - 1952,F L Coffman
Unidentified,2,,,,,,Brigantine,39-27-00 N,74-12-46 W,,,36,,Atlas of Treasure Maps - 1952,F L Coffman
Unidentified,2,,,,,,Brigantine,39-26-40 N,74-12-40 W,,,43,,Atlas of Treasure Maps - 1952,F L Coffman
Unidentified,2,,,,,,Brigantine,39-25-20 N,74-13-25 W,,,53,,Atlas of Treasure Maps - 1952,F L Coffman
Unidentified,2,,,,,,Brigantine,39-25-25 N,74-11-15 W,,,50,,Atlas of Treasure Maps - 1952,F L Coffman
Unidentified,2,,,,,,Atlantic City,39-21-15 N,74-13-10 W,,,63,,Atlas of Treasure Maps - 1952,F L Coffman
Unidentified,2,,,,,,Brighton Beach,40-34-45 N,73-55-30 W,,,Ashore,,Atlas of Treasure Maps - 1952,F L Coffman
Unidentified,2,,,,,,Rockaway Beach,40-33-45 N,73-55-00 W,,,Ashore,,Atlas of Treasure Maps - 1952,F L Coffman
Unidentified,2,,,,,,Lido Beach,40-35-10 N,73-38-10 W,,,Ashore,,Atlas of Treasure Maps - 1952,F L Coffman
Unidentified,2,,,,,,Nickerson Beach,40-35-00 N,73-35-08 W,,,8,,Atlas of Treasure Maps - 1952,F L Coffman
Unidentified,2,,,,,,Jones Beach,40-34-30 N,73-33-40 W,,,18,,Atlas of Treasure Maps - 1952,F L Coffman
Unidentified,2,,,,,,Jones Beach,40-35-30 N,73-32-10 W,,,,,Atlas of Treasure Maps - 1952,F L Coffman
Unidentified,2,,,,,,Barnegat Light,39-44-00 N,74-02-15 W,,,43,,Atlas of Treasure Maps - 1952,F L Coffman
Unidentified,2,,,,,,Harvey Cedars,39-42-15 N,74-00-20 W,,,59,,Atlas of Treasure Maps - 1952,F L Coffman
Unidentified,2,,,,,,Harvey Cedars,39-42-15 N,74-05-20 W,,,28,,Atlas of Treasure Maps - 1952,F L Coffman
Unidentified,2,,,,,,Seaside Heights,39-57-00 N,73-55-00 W,,,63,,Atlas of Treasure Maps - 1952,F L Coffman
Unidentified,2,,,,,,Seaside Park,39-55-35 N,73-56-40 W,,,69,,Atlas of Treasure Maps - 1952,F L Coffman
Unidentified,2,,,,,,Island Beach,39-51-00 N,74-01-45 W,,,55,,Atlas of Treasure Maps - 1952,F L Coffman
Unidentified,2,,,,,,Barnegat Light,39-43-54 N,73-56-42 W,,,68,,Atlas of Treasure Maps - 1952,F L Coffman
Unidentified,2,,,,,,Ship Bottom,39-37-20 N,74-11-30 W,,,48,,Atlas of Treasure Maps - 1952,F L Coffman
Unidentified,2,,,,,,Brigantine,39-27-10 N,74-12-50 W,,,36,,Atlas of Treasure Maps - 1952,F L Coffman
Unidentified,2,,,,,,Brigantine,39-27-25 N,74-16-10 W,,,28,,Atlas of Treasure Maps - 1952,F L Coffman
Unidentified,3,,,,,,Rehoboth Beach,38-41-20 N,74-46-00 W,,,,,Atlas of Treasure Maps - 1952,F L Coffman
Unidentified,3,,,,,,Cape Henlopen,38-45-18 N,74-54-25 W,,,,,Atlas of Treasure Maps - 1952,F L Coffman
Unidentified,3,,,,,,Bethany Beach,38-38-35 N,74-55-35 W,,,,,Atlas of Treasure Maps - 1952,F L Coffman
Unidentified,3,,,,,,Bethany Beach,38-33-20 N,74-59-45 W,,,,,Atlas of Treasure Maps - 1952,F L Coffman
Unidentified,3,,,,,,Dewey Beach,38-40-03 N,74-28-35 W,,,,,Atlas of Treasure Maps - 1952,F L Coffman
Unidentified,3,,,,,,Bethany Beach,38-35-30 N,74-20-55 W,,,,,Atlas of Treasure Maps - 1952,F L Coffman
Unidentified,3,,,,,,Bethany Beach,38-32-00 N,74-33-25 W,,,,,Atlas of Treasure Maps - 1952,F L Coffman
Unidentified,3,,,,,,Bethany Beach,38-30-45 N,74-31-20 W,,,,,Atlas of Treasure Maps - 1952,F L Coffman
Unidentified,3,,,,,,"Ocean City, MD",38-22-00 N,74-32-40 W,,,,,Atlas of Treasure Maps - 1952,F L Coffman
Unidentified,3,,,,,,Sea Isle City,39-08-36 N,74-33-18 W,,,45,,Atlas of Treasure Maps - 1952,F L Coffman
Unidentified,3,,,,,,Strathmere,39-12-48 N,74-14-36 W,,,72,,Atlas of Treasure Maps - 1952,F L Coffman
Unidentified,3,,,,,,Brigantine,39-25-54 N,74-12-12 W,,,60,,Atlas of Treasure Maps - 1952,F L Coffman
Unidentified,3,,,,,,Avalon,39-04-30 N,74-38-06 W,,,38,,Atlas of Treasure Maps - 1952,F L Coffman
Unidentified,3,,,,,,Sea Isle City,39-08-36 N,74-33-18 W,,,,,Atlas of Treasure Maps - 1952,F L Coffman
Unidentified,3,,,,,,Brigantine,39-23-25 W,74-06-20 W,,,62,,Atlas of Treasure Maps - 1952,F L Coffman
Unidentified,3,,,,,,Brigantine,39-28-10 N,74-10-35 W,,,48,,Atlas of Treasure Maps - 1952,F L Coffman
Unidentified,3,,,,,,Holgate,39-29-25 N,74-15-25 W,,,24,,Atlas of Treasure Maps - 1952,F L Coffman
Unidentified,3,,,,,,Atlantic City,39-20-18 N,74-19-12 W,,,42,,Atlas of Treasure Maps - 1952,F L Coffman
Unidentified,3,,,,,,"Ocean City, NJ",39-14-45 N,74-23-00 W,,,41,,Atlas of Treasure Maps - 1952,F L Coffman
Unidentified,3,,,,,,Avalon,39-03-38 N,74-39-09 W,,,21,,Atlas of Treasure Maps - 1952,F L Coffman
Unidentified,3,,,,,,Dewey Beach,38-40-06 N,74-27-48 W,,,108,,Atlas of Treasure Maps - 1952,F L Coffman
Unidentified,3,,,,,,Avalon,39-04-30 N,74-38-06 W,,,36,,Atlas of Treasure Maps - 1952,F L Coffman
Unidentified,3,,,,,,Cape May,38-51-54 N,74-23-06 W,,,97,,Atlas of Treasure Maps - 1952,F L Coffman
Unidentified,3,,,,,,Bethany Beach,38-35-40 N,74-39-25 W,,,,,Atlas of Treasure Maps - 1952,F L Coffman
Unidentified,3,,,,,,Cape May,38-51-35 N,74-37-00 W,,,,,Atlas of Treasure Maps - 1952,F L Coffman
Unidentified,3,,,,,,Cape May,38-39-36 N,74-26-36 W,,,110,,Atlas of Treasure Maps - 1952,F L Coffman
Unidentified,3,,,,,,Bethany Beach,38-36-18 N,74-39-36 W,,,92,,Atlas of Treasure Maps - 1952,F L Coffman
Unidentified,3,,,,,,Bethany Beach,38-31-30 N,74-31-54 W,,,124,,Atlas of Treasure Maps - 1952,F L Coffman
Unidentified,4,,,,,,Delaware Bay,38-54-20 N,75-08-25 W,,,,,Atlas of Treasure Maps - 1952,F L Coffman
Unidentified,4,,,,,,Delaware Bay,38-56-30 N,75-10-20 W,,,,,Atlas of Treasure Maps - 1952,F L Coffman
Unidentified,4,,,,,,,38-50-20 N,75-53-00 W,,,,,Atlas of Treasure Maps - 1952,F L Coffman
Unidentified,4,,,,,,Atlantic City,39-22-00 N,74-06-24 W,,,,,Atlas of Treasure Maps - 1952,F L Coffman
Unidentified,4,,,,,,Atlantic City,39-22-24 N,74-06-24 W,,,,,Atlas of Treasure Maps - 1952,F L Coffman
Unidentified,4,,,,,,Atlantic City,39-21-15 N,74-11-25 W,,,46,,Atlas of Treasure Maps - 1952,F L Coffman
Unidentified,4,,,,,,Brigantine,39-26-20 N,74-08-18 W,,,37,,Atlas of Treasure Maps - 1952,F L Coffman
Unidentified,4,,,,,,Atlantic City,39-21-12 N,74-17-09 W,,,42,,Atlas of Treasure Maps - 1952,F L Coffman
Unidentified,4,,,,,,Atlantic City,39-21-12 N,74-12-54 W,,,42,,Atlas of Treasure Maps - 1952,F L Coffman
Unidentified,4,,,,,,Cape May,38-51-54 N,74-23-06 W,,,83,,Atlas of Treasure Maps - 1952,F L Coffman
Unidentified,4,,,,,,Fenwick Island,38-27-22 N,74-56-24 W,,,,,Atlas of Treasure Maps - 1952,F L Coffman
Unidentified,4,,,,,,Margate City,39-19-35 N,74-14-40 W,,,41,,Atlas of Treasure Maps - 1952,F L Coffman
Unidentified,4,,,,,,Margate City,39-19-30 N,74-18-00 W,,,49,,Atlas of Treasure Maps - 1952,F L Coffman
Unidentified,4,,,,,,Longport,39-17-25 N,74-21-40 W,,,39,,Atlas of Treasure Maps - 1952,F L Coffman
Unidentified,4,,,,,,"Ocean City, NJ",39-17-15 N,74-26-25 W,,,38,,Atlas of Treasure Maps - 1952,F L Coffman
Unidentified,4,,,,,,Avalon,39-06-25 N,74-33-00 W,,,43,,Atlas of Treasure Maps - 1952,F L Coffman
Unidentified,4,,,,,,Avalon,39-04-40 N,74-37-35 W,,,33,,Atlas of Treasure Maps - 1952,F L Coffman
Unidentified,4,,,,,,Stone Harbor,39-03-10 N,74-40-15 W,,,34,,Atlas of Treasure Maps - 1952,F L Coffman
Unidentified,4,,,,,,Stone Harbor,39-02-25 N,74-40-01 W,,,30,,Atlas of Treasure Maps - 1952,F L Coffman
Unidentified,4,,,,,,Stone Harbor,39-01-25 N,74-40-40 W,,,37,,Atlas of Treasure Maps - 1952,F L Coffman
Unidentified,4,,,,,,Wildwood  ,38-59-40 N,74-45-25 W,,,38,,Atlas of Treasure Maps - 1952,F L Coffman
Unidentified,4,,,,,,Avalon,39-07-10 N,74-38-10 W,,,,,Atlas of Treasure Maps - 1952,F L Coffman
Unidentified,4,,,,,,Brigantine,39-22-24 N,74-06-24 W,,,71,,Atlas of Treasure Maps - 1952,F L Coffman
Unidentified,4,,,,,,Pt Pleasant Beach,40-04-30 N,73-58-20 W,,,55,,Atlas of Treasure Maps - 1952,F L Coffman
Unidentified,4,,,,,,Manasquan,40-07-25 N,73-56-00 W,,,50,,Atlas of Treasure Maps - 1952,F L Coffman
Unidentified,4,,,,,,Bay Head,40-04-25 N,73-58-30 W,,,54,,Atlas of Treasure Maps - 1952,F L Coffman
Unidentified,4,,,,,,Bay Head,40-03-25 N,74-00-25 W,,,49,,Atlas of Treasure Maps - 1952,F L Coffman
Unidentified,4,,,,,,Mantoloking,40-03-00 N,74-01-15 W,,,65,,Atlas of Treasure Maps - 1952,F L Coffman
Unidentified,4,,,,,,Island Beach,39-47-10 N,73-55-25 W,,,55,,Atlas of Treasure Maps - 1952,F L Coffman
Unidentified,4,,,,,,Barnegat Light,39-44-40 N,73-57-45 W,,,61,,Atlas of Treasure Maps - 1952,F L Coffman
Unidentified,4,,,,,,Brigantine,39-27-25 N,74-16-10 W,,,28,,Atlas of Treasure Maps - 1952,F L Coffman
Unidentified,4,,,,,,Seaside Park,39-53-40 N,73-48-00 W,,,51,,Atlas of Treasure Maps - 1952,F L Coffman
Unidentified,4,,,,,,Island Beach,39-49-35 N,73-50-00 W,,,47,,Atlas of Treasure Maps - 1952,F L Coffman
Unidentified,4,,,,,,Island Beach,39-48-15 N,73-55-25 W,,,57,,Atlas of Treasure Maps - 1952,F L Coffman
Unidentified,5,,,,,,Sandy Hook E 20 mi,40-29-40 N,73-33-00 W,,,69,,Shipwrecks off NJ Coast - 1966,Walter & Richard Krotee
Unidentified,5,,,,,,Sandy Hook E 5 mi,40-27-42 N,73-53-00 W,,,60,,Shipwrecks off NJ Coast - 1966,Walter & Richard Krotee
Unidentified,5,,,,,,Sandy Hook E 4 mi,40-27-10 N,73-53-40 W,,,44,,Shipwrecks off NJ Coast - 1966,Walter & Richard Krotee
Unidentified,5,,,,,,Sandy Hook E 5 mi,40-26-12 N,73-52-10 W,,,52,,Shipwrecks off NJ Coast - 1966,Walter & Richard Krotee
Unidentified,5,,,,,,Sandy Hook E 3 mi,40-26-00 N,73-55-00 W,,,48,,Shipwrecks off NJ Coast - 1966,Walter & Richard Krotee
Unidentified,5,,,,,,Sandy Hook E 11 mi,40-25-12 N,73-45-18 W,,,66,,Shipwrecks off NJ Coast - 1966,Walter & Richard Krotee
Unidentified,5,,,,,,Sandy Hook E 10 mi,40-25-00 N,73-46-35 W,,,107,,Shipwrecks off NJ Coast - 1966,Walter & Richard Krotee
Unidentified,5,,,,,,Fenwick Island E 15 mi,38-30-06 N,74-47-00 W,,,95,,Shipwrecks off NJ Coast - 1966,Walter & Richard Krotee
Unidentified,5,,,,,,Fenwick Island E 25 mi,38-28-48 N,74-31-48 W,,,124,,Shipwrecks off NJ Coast - 1966,Walter & Richard Krotee
Unidentified,5,,,,,,Bethany Beach E 26 mi,38-30-54 N,74-31-18 W,,,125,,Shipwrecks off NJ Coast - 1966,Walter & Richard Krotee
Unidentified,5,,,,,,Bethany Beach E 24 mi,38-32-00 N,74-33-36 W,,,104,,Shipwrecks off NJ Coast - 1966,Walter & Richard Krotee
Unidentified,5,,,,,,Bethany Beach ,38-35-30 N,75-03-00 W,,,25,,Shipwrecks off NJ Coast - 1966,Walter & Richard Krotee
Unidentified,5,,,,,,Cape Henlopen E,38-49-36 N,75-02-30 W,,,76,,Shipwrecks off NJ Coast - 1966,Walter & Richard Krotee
Unidentified,5,,,,,,McGrie's Buoy SE 2 mi,38-49-05 N,74-48-30 W,,,54,,Shipwrecks off NJ Coast - 1966,Walter & Richard Krotee
Unidentified,5,,,,,,Cape Henlopen E 8 mi,38-44-36 N,74-54-06 W,,,46,,Shipwrecks off NJ Coast - 1966,Walter & Richard Krotee
Unidentified,5,,,,,,Indian River Inlet E 7 mi,38-36-48 N,74-55-00 W,,,58,,Shipwrecks off NJ Coast - 1966,Walter & Richard Krotee
Unidentified,5,,,,,,Indian River Inlet E 7 mi,38-36-30 N,74-55-30 W,,,62,,Shipwrecks off NJ Coast - 1966,Walter & Richard Krotee
Unidentified,5,,,,,,Indian River Inlet E 19 mi,38-35-54 N,74-39-30 W,,,71,,Shipwrecks off NJ Coast - 1966,Walter & Richard Krotee
Unidentified,5,,,,,,Little Egg Inlet E 8 mi,39-26-20 N,74-08-18 W,,,37,,Shipwrecks off NJ Coast - 1966,Walter & Richard Krotee
Unidentified,5,,,,,,Brigantine Inlet E 11 mi,39-23-30 N,74-06-24 W,,,62,,Shipwrecks off NJ Coast - 1966,Walter & Richard Krotee
Unidentified,5,,,,,,Townsend Inlet E 3 mi,39-07-24 N,74-38-00 W,,,16,,Shipwrecks off NJ Coast - 1966,Walter & Richard Krotee
Unidentified,5,,,,,,Wildwood E 6 mi,38-56-50 N,74-41-00 W,,,38,,Shipwrecks off NJ Coast - 1966,Walter & Richard Krotee
Unidentified,5,,,,,,Delaware Bay,38-56-50 N,75-10-00 W,,,84,,Shipwrecks off NJ Coast - 1966,Walter & Richard Krotee
Unidentified,5,,,,,,Cape May,38-52-29 N,74-25-00 W,,,90,,Shipwrecks off NJ Coast - 1966,Walter & Richard Krotee
Unidentified,5,,,,,,Cape May E 25 mi,38-52-00 N,74-23-15 W,,,65,,Shipwrecks off NJ Coast - 1966,Walter & Richard Krotee
Unidentified,5,,,,,,Harbor of Refuge,38-50-42 N,75-06-12 W,,,45,,Shipwrecks off NJ Coast - 1966,Walter & Richard Krotee
Unidentified,5,,,,,,Fenwick Island,38-27-30 N,75-00-48 W,,,33,,Shipwrecks off NJ Coast - 1966,Walter & Richard Krotee
Unidentified,5,,,,,,Fenwick Shoal E 6 mi,38-27-25 N,74-56-12 W,,,8,,Shipwrecks off NJ Coast - 1966,Walter & Richard Krotee
Unidentified,5,,,,,,Sandy Hook E 7 mi,40-30-08 N,73-51-40 W,,,45,,Shipwrecks off NJ Coast - 1966,Walter & Richard Krotee
Unidentified,6,,,1943,10,22,Beach Haven E,39-39-30 N,72-34-30 W,,,240,Lost 10/22/1943,Shipwrecks off NJ Coast - 1966,Walter & Richard Krotee
Unidentified,6,,,,,,Little Egg Inlet E 5 mi,39-26-45 N,74-12-42 W,,,43,,Shipwrecks off NJ Coast - 1966,Walter & Richard Krotee
Unidentified,6,,,,,,Corson Inlet E 20 mi,39-12-00 N,74-15-00 W,,,72,,Shipwrecks off NJ Coast - 1966,Walter & Richard Krotee
Unidentified,6,,,,,,Manasquan E 800 yds,40-06-30 N,74-01-50 W,,,25,150' Long ,Shipwrecks off NJ Coast - 1966,Walter & Richard Krotee
Unidentified,6,,,,,,Harvey Cedars E 3 mi,39-40-00 N,74-05-42 W,,,30,,Shipwrecks off NJ Coast - 1966,Walter & Richard Krotee
Unidentified,6,,,,,,Barnegat Light E 5 mi,39-42-05 N,74-00-18 W,,,59,,Shipwrecks off NJ Coast - 1966,Walter & Richard Krotee
Unidentified,6,,,,,,Barnegat Inlet SE 3 mi,39-42-10 N,74-05-30 W,,,28,,Shipwrecks off NJ Coast - 1966,Walter & Richard Krotee
Unidentified,6,,,,,,Barnegat Inlet E 3 mi,39-44-00 N,74-02-20 W,,,43,,Shipwrecks off NJ Coast - 1966,Walter & Richard Krotee
Unidentified,6,,,,,,Barnegat Inlet E 7 mi,39-44-50 N,73-58-00 W,,,61,,Shipwrecks off NJ Coast - 1966,Walter & Richard Krotee
Unidentified,6,,,,,,Seaside Heights E 7 mi,39-56-50 N,73-55-10 W,,,63,,Shipwrecks off NJ Coast - 1966,Walter & Richard Krotee
Unidentified,6,,,,,,Chadwick E 4 mi,39-58-15 N,73-59-25 W,,,60,,Shipwrecks off NJ Coast - 1966,Walter & Richard Krotee
Unidentified,6,,,,,,Sea Girt E 4.5 mi,40-07-22 N,73-56-00 W,,,50,,Shipwrecks off NJ Coast - 1966,Walter & Richard Krotee
Unidentified,6,,,,,,Sea Girt E 6 mi,40-08-01 N,73-53-00 W,,,71,,Shipwrecks off NJ Coast - 1966,Walter & Richard Krotee
Unidentified,6,,,,,,Ambrose Lightship SE 28 mi,40-08-02 N,73-21-54 W,,,118,,Shipwrecks off NJ Coast - 1966,Walter & Richard Krotee
Unidentified,6,,,,,,Sea Girt E 38 mi,40-08-03 N,73-12-00 W,,,136,,Shipwrecks off NJ Coast - 1966,Walter & Richard Krotee
Unidentified,6,,,,,,Shark River Inlet E 6 mi,40-10-30 N,73-53-00 W,,,49,,Shipwrecks off NJ Coast - 1966,Walter & Richard Krotee
Unidentified,6,,,,,,Ocean Grove E 11 mi,40-12-35 N,73-45-50 W,,,122,,Shipwrecks off NJ Coast - 1966,Walter & Richard Krotee
Unidentified,6,,,,,,Asbury Park E 2 mi,40-13-00 N,73-57-00 W,,,60,,Shipwrecks off NJ Coast - 1966,Walter & Richard Krotee
Unidentified,6,,,,,,Asbury Park E 11 mi,40-15-00 N,73-45-00 W,,,108,,Shipwrecks off NJ Coast - 1966,Walter & Richard Krotee
Unidentified,6,,,,,,Long Branch E 2 mi,40-16-12 N,73-56-30 W,,,42,,Shipwrecks off NJ Coast - 1966,Walter & Richard Krotee
Unidentified,6,,,,,,Long Branch E .5 mi,40-18-06 N,73-00-00 W,,,30,,Shipwrecks off NJ Coast - 1966,Walter & Richard Krotee
Unidentified,6,,,,,,Long Branch E 2 mi,40-17-54 N,73-56-40 W,,,46,,Shipwrecks off NJ Coast - 1966,Walter & Richard Krotee
Unidentified,6,,,,,,Long Branch E 1.5 mi,40-17-00 N,73-57-00 W,,,42,,Shipwrecks off NJ Coast - 1966,Walter & Richard Krotee
Unidentified,6,,,,,,Long Branch E 2 mi,40-16-54 N,73-53-30 W,,,45,,Shipwrecks off NJ Coast - 1966,Walter & Richard Krotee
Unidentified,6,,,,,,Highlands E 5 mi,40-23-45 N,73-51-30 W,,,88,,Shipwrecks off NJ Coast - 1966,Walter & Richard Krotee
Unidentified,6,,,,,,Avalon E 10 mi,39-03-18 N,74-27-40 W,,,65,2 sailing ships,Shipwrecks off NJ Coast - 1966,Walter & Richard Krotee
Unidentified,6,,,,,,Townsend Inlet E 4 mi,39-06-20 N,74-36-40 W,,,44,,Shipwrecks off NJ Coast - 1966,Walter & Richard Krotee
Unidentified,6,,,,,,Little Egg Inlet E 2 mi,39-27-30 N,74-16-15 W,,,28,,Shipwrecks off NJ Coast - 1966,Walter & Richard Krotee
Unidentified,7,,,1943,,,Sandy Hook E 11 mi,40-25-12 N,73-45-18 W,,,66,Found 1943,Shipwrecks off NJ Coast - 1966,Walter & Richard Krotee
Unidentified,7,,,1944,,,Sandy Hook E 7 mi,40-30-08 N,73-51-40 W,,,45,Found 1944,Shipwrecks off NJ Coast - 1966,Walter & Richard Krotee
Unidentified,7,,,1946,,,Sandy Hook E 5 mi,40-27-54 N,73-52-30 W,,,60,Barge sunk 1946,Shipwrecks off NJ Coast - 1966,Walter & Richard Krotee
34' Cabin Cruiser,7,,,1954,,,Beach Haven E 12 mi,,,,,,Lost 1954,The Times Beach - 6/13/1984,
Helicopter,7,,,1976,8,6,Barnegt Inlet E .5 mi,,,,,,Lost 8/6/1976,Beach Haven Times - 8/6/1986,
Unidentified,7,,,1981,11,4,Barnegat Inlet E 1 mi,,,,,50,Lost 11/4/1981,Beach Haven Times - 11/18/1981,
Unidentified,7,,,,,,Highlands shore,,,,,,Port gold coins,The Treasure Diver's Guide - 1971,John S Potter
Barge,7,,,,,,Manasquan Inlet SE 6100 yds,,,,,60,,Ency of American Shipwrecks - 1972,Bruce D Berman
Derrick Barge,7,,,,,,Newark Passaic River,,,,,20,,Ency of American Shipwrecks - 1972,Bruce D Berman
Crane Barge,7,,,,,,"Hudson River, Upper Bay",,,,,30,,Ency of American Shipwrecks - 1972,Bruce D Berman
Barge,7,,,,,,Beach Haven Inlet E 7800 yds,,,,,62,,Ency of American Shipwrecks - 1972,Bruce D Berman
Small Vessel,7,,,,,,Raritan Light #41 Near,,,,,,,Ency of American Shipwrecks - 1972,Bruce D Berman
Barge,7,,,,,,"Hudson River, Englewood YC",,,,,15,,Ency of American Shipwrecks - 1972,Bruce D Berman
Tug,7,,,,,,Sandy Hook E 52 mi,,,,,70,,Ency of American Shipwrecks - 1972,Bruce D Berman
Barge,7,,,,,,"Brandywine Shoal NE 11,200 yds",,,,,18,,Ency of American Shipwrecks - 1972,Bruce D Berman
Unidentified,7,,,,,,Egg Island Pt E 9150 yds,,,,,,,Ency of American Shipwrecks - 1972,Bruce D Berman
Unidentified,7,,,,,,Highpoint E 9.2 mi,,,,,,,Ency of American Shipwrecks - 1972,Bruce D Berman
Barge,7,,,,,,Manasquan Inlet E 975 yds,,,,,,,Ency of American Shipwrecks - 1972,Bruce D Berman
Unidentified,7,,,,,,Barnegat Inlet NE 9000 yds,,,,,50,,Ency of American Shipwrecks - 1972,Bruce D Berman
Small Craft,7,,,,,,Barnegat Inlet E 1600 yds,,,,,,,Ency of American Shipwrecks - 1972,Bruce D Berman
Barge,7,,,,,,Kearney Point SW 680 yds,,,,,27,Passaic River,Ency of American Shipwrecks - 1972,Bruce D Berman
Unidentified,7,,,,,,Cape May SSE 18 mi,,,,,90,5 Fathom Lightship area,The International Divers Guide - 1977,
WW II wrecks,7,,,,,,Townsend Inlet E 6 mi,,,,,55,Sea Isle City area,The International Divers Guide - 1977,
Unidentified,7,,,,,,Atlantic City E 4 - 12 mi,,,,,,Several wrecks in area,The International Divers Guide - 1977,
C-2 Freighter,7,,,,,,Cape May E 10 mi,,,,,55,Near Green Light,The International Divers Guide - 1977,
Boiler,7,,,,,,Lavallette E 50 yds,,,,,Visible,Off New Jersey Ave,The International Divers Guide - 1977,
Wooden Barge,7,,,,,,Bradley Beach E 1.5 mi,,,,,45,,The International Divers Guide - 1977,
Sailing Ship,7,,,,,,Manasquan Inlet E 3 mi,,,,,70,,The International Divers Guide - 1977,
Unidentified,7,,,,,,Spring Lake,,,,,18,100 yds S of jetty,"Shipwrecks, Skin Divers & Sunken Gold",Dave Horner
Unidentified,7,,,,,,Sandy Hook E 20 mi,40-29-40 N,73-33-00 W,,,69,,Shipwrecks off NJ Coast - 1966,Walter & Richard Krotee
Unidentified,7,,,,,,Sandy Hook E 5 mi,40-27-42 N,73-53-00 W,,,60,,Shipwrecks off NJ Coast - 1966,Walter & Richard Krotee
Unidentified,7,,,,,,Sandy Hook E 5 mi,40-27-24 N,73-54-00 W,,,60,Derrick barge,Shipwrecks off NJ Coast - 1966,Walter & Richard Krotee
Unidentified,7,,,,,,Sandy Hook E 25 mi,40-27-30 N,73-27-00 W,,,73,Barge  ,Shipwrecks off NJ Coast - 1966,Walter & Richard Krotee
Unidentified,7,,,,,,Sandy Hook E 4 mi,40-27-10 N,73-53-40 W,,,60,,Shipwrecks off NJ Coast - 1966,Walter & Richard Krotee
Unidentified,7,,,,,,Sandy Hook E 5 mi,40-26-12 N,73-52-10 W,,,52,,Shipwrecks off NJ Coast - 1966,Walter & Richard Krotee
Unidentified,7,,,,,,Sandy Hook Shore,40-26-00 N,73-58-42 W,,,10,Concrete vessel,Shipwrecks off NJ Coast - 1966,Walter & Richard Krotee
Unidentified,7,,,,,,Sandy Hook E 3 mi,40-26-00 N,73-55-00 W,,,48,3 wrecks,Shipwrecks off NJ Coast - 1966,Walter & Richard Krotee
Unidentified,7,,,,,,Sandy Hook E 10 mi,40-25-00 N,73-46-35 W,,,107,,Shipwrecks off NJ Coast - 1966,Walter & Richard Krotee
Unidentified,7,,,,,,Highlands E 5 mi,40-23-45 N,73-51-30 W,,,90,,Shipwrecks off NJ Coast - 1966,Walter & Richard Krotee
Unidentified,7,,,,,,Asbury Park E 11 mi,40-15-00 N,73-45-00 W,,,108,,Shipwrecks off NJ Coast - 1966,Walter & Richard Krotee
Unidentified,7,,,,,,Asbury Park E 2 mi,40-13-00 N,73-57-00 W,,,60,,Shipwrecks off NJ Coast - 1966,Walter & Richard Krotee
Unidentified,7,,,,,,Beach Haven E 1 mi,,,,,34,"called ""Schooner Wreck""","Shipwrecks, Skin Divers & Sunken Gold",Dave Horner
Unidentified,7,,,,,,Highlands E 5 mi,40-23-45 N,73-51-30 W,,,90,,Shipwrecks off NJ Coast - 1966,Walter & Richard Krotee
Unidentified,7,,,,,,Highlands E 11 mi,40-25-12 N,73-45-18 W,,,70,Wreck # 196,US Hydrographic Office ,
Unidentified,7,,,,,,Long Branch SE 2 mi,40-16-54 N,73-56-24 W,,,45,Wreck # 204,US Hydrographic Office ,
Unidentified,7,,,,,,Long Branch SE 1.6 mi,,,,,42,Wreck # 203,US Hydrographic Office ,
Unidentified,7,,,,,,Long Branch E .5 mi,40-18-06 N,73-00-00 W,,,30,,Shipwrecks off NJ Coast - 1966,Walter & Richard Krotee
Unidentified,7,,,,,,Long Branch E 2 mi,40-17-54 N,73-56-40 W,,,55,,Shipwrecks off NJ Coast - 1966,Walter & Richard Krotee
Unidentified,7,,,,,,Long Branch E 2 mi,40-17-00 N,73-57-00 W,,,42,,Atlas of Treasure Maps - 1952,F L Coffman
Unidentified,7,,,,,,Long Branch E 1.5 mi,40-17-00 N,73-57-00 W,,,42,,Shipwrecks off NJ Coast - 1966,Walter & Richard Krotee
Unidentified,7,,,,,,Long Branch,40-16-54 N,73-56-34 W,,,45,,Atlas of Treasure Maps - 1952,F L Coffman
Unidentified,7,,,,,,Long Branch E 2 mi,40-16-54 N,73-53-30 W,,,45,,Shipwrecks off NJ Coast - 1966,Walter & Richard Krotee
Unidentified,7,,,,,,Long Branch E 2 mi,40-16-12 N,73-56-30 W,,,42,,Shipwrecks off NJ Coast - 1966,Walter & Richard Krotee
Unidentified,7,,,,,,Ocean Grove E 11 mi,40-12-35 N,73-45-50 W,,,122,,Shipwrecks off NJ Coast - 1966,Walter & Richard Krotee
Unidentified,7,,,,,,Pt Pleasant Beach E 3 mi,40-04-30 N,73-58-20 W,,,55,Wreck # 209,Atlas of Treasure Maps - 1952,F L Coffman